Spandrels R,Glass R,Air Leakage,LPD,ERV,Controls,HVAC System,Solar PV,TEUI kWh/m2,TEDI kWh/m2,GHGI kgCO2/m2,En Saving %,GHG Saving%
5,2.8,Current,Current,None,Current,Current,No, 215.9 , 100.9 , 38.8 ,0.0,0.0
5,2.8,Current,Current,75%,Current,Current,No, 183.1 , 65.6 , 32.5 ,15.2,16.2
5,2.8,Current,25%,None,Current,Current,No, 213.8 , 103.7 , 38.5 ,1.0,0.8
5,2.8,Current,25%,75%,Current,Current,No, 181.0 , 68.3 , 32.2 ,16.2,17.0
5,2.8,Improved,Current,None,Current,Current,No, 214.1 , 99.0 , 38.5 ,0.8,0.9
5,2.8,Improved,Current,75%,Current,Current,No, 181.2 , 63.6 , 32.2 ,16.1,17.2
5,2.8,Improved,25%,None,Current,Current,No, 211.9 , 101.7 , 38.2 ,1.9,1.7
5,2.8,Improved,25%,75%,Current,Current,No, 179.1 , 66.3 , 31.9 ,17.1,17.9
5,4,Current,Current,None,Current,Current,No, 208.5 , 92.9 , 37.4 ,3.4,3.6
5,4,Current,Current,75%,Current,Current,No, 175.4 , 57.6 , 31.1 ,18.8,20.0
5,4,Current,25%,None,Current,Current,No, 206.1 , 95.5 , 37.1 ,4.5,4.6
5,4,Current,25%,75%,Current,Current,No, 173.2 , 60.2 , 30.8 ,19.8,20.8
5,4,Improved,Current,None,Current,Current,No, 206.7 , 90.9 , 37.1 ,4.3,4.5
5,4,Improved,Current,75%,Current,Current,No, 173.5 , 55.6 , 30.7 ,19.7,20.9
5,4,Improved,25%,None,Current,Current,No, 204.3 , 93.5 , 36.7 ,5.4,5.5
5,4,Improved,25%,75%,Current,Current,No, 171.3 , 58.2 , 30.4 ,20.7,21.8
5,5.5,Current,Current,None,Current,Current,No, 204.9 , 88.9 , 36.7 ,5.1,5.4
5,5.5,Current,Current,75%,Current,Current,No, 171.6 , 53.6 , 30.3 ,20.5,21.9
5,5.5,Current,25%,None,Current,Current,No, 202.4 , 91.4 , 36.4 ,6.3,6.4
5,5.5,Current,25%,75%,Current,Current,No, 169.3 , 56.1 , 30.0 ,21.6,22.7
5,5.5,Improved,Current,None,Current,Current,No, 203.1 , 87.0 , 36.4 ,6.0,6.3
5,5.5,Improved,Current,75%,Current,Current,No, 169.7 , 51.6 , 30.0 ,21.4,22.8
5,5.5,Improved,25%,None,Current,Current,No, 200.6 , 89.4 , 36.0 ,7.1,7.3
5,5.5,Improved,25%,75%,Current,Current,No, 167.4 , 54.1 , 29.6 ,22.5,23.7
10,2.8,Current,Current,None,Current,Current,No, 210.7 , 95.3 , 37.8 ,2.4,2.6
10,2.8,Current,Current,75%,Current,Current,No, 177.6 , 59.9 , 31.5 ,17.7,18.9
10,2.8,Current,25%,None,Current,Current,No, 208.4 , 98.0 , 37.5 ,3.5,3.5
10,2.8,Current,25%,75%,Current,Current,No, 175.5 , 62.6 , 31.2 ,18.7,19.7
10,2.8,Improved,Current,None,Current,Current,No, 208.8 , 93.3 , 37.5 ,3.3,3.5
10,2.8,Improved,Current,75%,Current,Current,No, 175.7 , 58.0 , 31.1 ,18.6,19.8
10,2.8,Improved,25%,None,Current,Current,No, 206.5 , 96.0 , 37.1 ,4.4,4.4
10,2.8,Improved,25%,75%,Current,Current,No, 173.6 , 60.6 , 30.8 ,19.6,20.7
10,4,Current,Current,None,Current,Current,No, 203.3 , 87.3 , 36.4 ,5.8,6.2
10,4,Current,Current,75%,Current,Current,No, 169.9 , 52.0 , 30.0 ,21.3,22.7
10,4,Current,25%,None,Current,Current,No, 200.9 , 89.8 , 36.1 ,7.0,7.1
10,4,Current,25%,75%,Current,Current,No, 167.7 , 54.5 , 29.7 ,22.4,23.5
10,4,Improved,Current,None,Current,Current,No, 201.5 , 85.3 , 36.1 ,6.7,7.1
10,4,Improved,Current,75%,Current,Current,No, 168.0 , 50.0 , 29.7 ,22.2,23.6
10,4,Improved,25%,None,Current,Current,No, 199.0 , 87.8 , 35.7 ,7.8,8.0
10,4,Improved,25%,75%,Current,Current,No, 165.7 , 52.4 , 29.3 ,23.3,24.5
10,5.5,Current,Current,None,Current,Current,No, 199.7 , 83.4 , 35.8 ,7.5,7.9
10,5.5,Current,Current,75%,Current,Current,No, 166.1 , 48.0 , 29.3 ,23.1,24.6
10,5.5,Current,25%,None,Current,Current,No, 197.1 , 85.8 , 35.4 ,8.7,9.0
10,5.5,Current,25%,75%,Current,Current,No, 163.7 , 50.4 , 28.9 ,24.2,25.5
10,5.5,Improved,Current,None,Current,Current,No, 197.9 , 81.4 , 35.4 ,8.3,8.8
10,5.5,Improved,Current,75%,Current,Current,No, 164.2 , 46.1 , 28.9 ,24.0,25.5
10,5.5,Improved,25%,None,Current,Current,No, 195.3 , 83.7 , 35.0 ,9.6,9.9
10,5.5,Improved,25%,75%,Current,Current,No, 161.7 , 48.4 , 28.6 ,25.1,26.5
15,2.8,Current,Current,None,Current,Current,No, 208.9 , 93.4 , 37.5 ,3.3,3.5
15,2.8,Current,Current,75%,Current,Current,No, 175.7 , 58.0 , 31.1 ,18.6,19.8
15,2.8,Current,25%,None,Current,Current,No, 206.5 , 96.0 , 37.2 ,4.4,4.4
15,2.8,Current,25%,75%,Current,Current,No, 173.6 , 60.7 , 30.8 ,19.6,20.6
15,2.8,Improved,Current,None,Current,Current,No, 207.0 , 91.4 , 37.2 ,4.1,4.3
15,2.8,Improved,Current,75%,Current,Current,No, 173.8 , 56.0 , 30.8 ,19.5,20.8
15,2.8,Improved,25%,None,Current,Current,No, 204.7 , 94.0 , 36.8 ,5.2,5.3
15,2.8,Improved,25%,75%,Current,Current,No, 171.7 , 58.6 , 30.5 ,20.5,21.6
15,4,Current,Current,None,Current,Current,No, 201.5 , 85.4 , 36.1 ,6.7,7.1
15,4,Current,Current,75%,Current,Current,No, 168.0 , 50.0 , 29.7 ,22.2,23.6
15,4,Current,25%,None,Current,Current,No, 199.0 , 87.8 , 35.7 ,7.8,8.0
15,4,Current,25%,75%,Current,Current,No, 165.7 , 52.5 , 29.3 ,23.3,24.5
15,4,Improved,Current,None,Current,Current,No, 199.7 , 83.4 , 35.8 ,7.5,8.0
15,4,Improved,Current,75%,Current,Current,No, 166.1 , 48.1 , 29.3 ,23.1,24.6
15,4,Improved,25%,None,Current,Current,No, 197.1 , 85.8 , 35.4 ,8.7,8.9
15,4,Improved,25%,75%,Current,Current,No, 163.7 , 50.5 , 29.0 ,24.2,25.5
15,5.5,Current,Current,None,Current,Current,No, 198.0 , 81.5 , 35.4 ,8.3,8.8
15,5.5,Current,Current,75%,Current,Current,No, 164.2 , 46.1 , 28.9 ,24.0,25.5
15,5.5,Current,25%,None,Current,Current,No, 195.3 , 83.8 , 35.0 ,9.6,9.8
15,5.5,Current,25%,75%,Current,Current,No, 161.7 , 48.5 , 28.6 ,25.1,26.4
15,5.5,Improved,Current,None,Current,Current,No, 195.9 , 79.5 , 35.0 ,9.3,9.8
15,5.5,Improved,Current,75%,Current,Current,No, 162.0 , 44.2 , 28.5 ,25.0,26.6
15,5.5,Improved,25%,None,Current,Current,No, 193.5 , 81.8 , 34.7 ,10.4,10.7
15,5.5,Improved,25%,75%,Current,Current,No, 159.8 , 46.5 , 28.2 ,26.0,27.4
5,2.8,Current,Current,None,Improved,Current,No, 188.4 , 87.0 , 33.8 ,12.8,12.9
5,2.8,Current,Current,75%,Improved,Current,No, 159.2 , 55.0 , 28.2 ,26.3,27.4
5,2.8,Current,25%,None,Improved,Current,No, 186.2 , 89.7 , 33.5 ,13.8,13.7
5,2.8,Current,25%,75%,Improved,Current,No, 157.0 , 57.7 , 27.9 ,27.3,28.2
5,2.8,Improved,Current,None,Improved,Current,No, 186.6 , 85.0 , 33.5 ,13.6,13.8
5,2.8,Improved,Current,75%,Improved,Current,No, 157.2 , 53.0 , 27.9 ,27.2,28.3
5,2.8,Improved,25%,None,Improved,Current,No, 184.3 , 87.7 , 33.1 ,14.7,14.7
5,2.8,Improved,25%,75%,Improved,Current,No, 155.1 , 55.7 , 27.5 ,28.2,29.1
5,4,Current,Current,None,Improved,Current,No, 181.0 , 78.9 , 32.4 ,16.2,16.6
5,4,Current,Current,75%,Improved,Current,No, 151.5 , 47.0 , 26.8 ,29.9,31.1
5,4,Current,25%,None,Improved,Current,No, 178.6 , 81.6 , 32.1 ,17.3,17.5
5,4,Current,25%,75%,Improved,Current,No, 149.2 , 49.6 , 26.4 ,30.9,32.0
5,4,Improved,Current,None,Improved,Current,No, 179.2 , 77.0 , 32.1 ,17.0,17.4
5,4,Improved,Current,75%,Improved,Current,No, 149.6 , 45.0 , 26.4 ,30.7,32.1
5,4,Improved,25%,None,Improved,Current,No, 176.7 , 79.5 , 31.7 ,18.2,18.4
5,4,Improved,25%,75%,Improved,Current,No, 147.3 , 47.6 , 26.1 ,31.8,32.9
5,5.5,Current,Current,None,Improved,Current,No, 177.3 , 75.0 , 31.7 ,17.9,18.3
5,5.5,Current,Current,75%,Improved,Current,No, 147.6 , 43.0 , 26.0 ,31.6,33.0
5,5.5,Current,25%,None,Improved,Current,No, 174.8 , 77.5 , 31.3 ,19.0,19.3
5,5.5,Current,25%,75%,Improved,Current,No, 145.4 , 45.5 , 25.7 ,32.7,33.9
5,5.5,Improved,Current,None,Improved,Current,No, 175.5 , 73.0 , 31.4 ,18.7,19.2
5,5.5,Improved,Current,75%,Improved,Current,No, 145.7 , 41.0 , 25.7 ,32.5,34.0
5,5.5,Improved,25%,None,Improved,Current,No, 173.0 , 75.5 , 31.0 ,19.9,20.2
5,5.5,Improved,25%,75%,Improved,Current,No, 143.4 , 43.5 , 25.3 ,33.6,34.8
10,2.8,Current,Current,None,Improved,Current,No, 183.1 , 81.3 , 32.8 ,15.2,15.5
10,2.8,Current,Current,75%,Improved,Current,No, 153.7 , 49.4 , 27.2 ,28.8,30.0
10,2.8,Current,25%,None,Improved,Current,No, 180.8 , 84.0 , 32.5 ,16.3,16.4
10,2.8,Current,25%,75%,Improved,Current,No, 151.5 , 52.0 , 26.9 ,29.8,30.8
10,2.8,Improved,Current,None,Improved,Current,No, 181.3 , 79.4 , 32.5 ,16.1,16.4
10,2.8,Improved,Current,75%,Improved,Current,No, 151.8 , 47.4 , 26.8 ,29.7,31.0
10,2.8,Improved,25%,None,Improved,Current,No, 178.9 , 82.0 , 32.1 ,17.1,17.3
10,2.8,Improved,25%,75%,Improved,Current,No, 149.6 , 50.0 , 26.5 ,30.7,31.8
10,4,Current,Current,None,Improved,Current,No, 175.8 , 73.3 , 31.4 ,18.6,19.1
10,4,Current,Current,75%,Improved,Current,No, 146.0 , 41.4 , 25.7 ,32.4,33.8
10,4,Current,25%,None,Improved,Current,No, 173.3 , 75.8 , 31.1 ,19.8,20.1
10,4,Current,25%,75%,Improved,Current,No, 143.7 , 43.9 , 25.4 ,33.5,34.7
10,4,Improved,Current,None,Improved,Current,No, 173.9 , 71.4 , 31.1 ,19.5,20.0
10,4,Improved,Current,75%,Improved,Current,No, 144.0 , 39.4 , 25.3 ,33.3,34.8
10,4,Improved,25%,None,Improved,Current,No, 171.4 , 73.8 , 30.7 ,20.6,21.0
10,4,Improved,25%,75%,Improved,Current,No, 141.7 , 41.8 , 25.0 ,34.4,35.7
10,5.5,Current,Current,None,Improved,Current,No, 172.1 , 69.4 , 30.7 ,20.3,20.9
10,5.5,Current,Current,75%,Improved,Current,No, 142.1 , 37.4 , 25.0 ,34.2,35.7
10,5.5,Current,25%,None,Improved,Current,No, 169.5 , 71.8 , 30.3 ,21.5,21.9
10,5.5,Current,25%,75%,Improved,Current,No, 139.7 , 39.8 , 24.6 ,35.3,36.6
10,5.5,Improved,Current,None,Improved,Current,No, 170.4 , 67.4 , 30.4 ,21.1,21.8
10,5.5,Improved,Current,75%,Improved,Current,No, 140.2 , 35.5 , 24.6 ,35.1,36.7
10,5.5,Improved,25%,None,Improved,Current,No, 167.7 , 69.8 , 30.0 ,22.4,22.8
10,5.5,Improved,25%,75%,Improved,Current,No, 137.8 , 37.8 , 24.2 ,36.2,37.6
15,2.8,Current,Current,None,Improved,Current,No, 181.3 , 79.4 , 32.5 ,16.0,16.4
15,2.8,Current,Current,75%,Improved,Current,No, 151.8 , 47.4 , 26.8 ,29.7,31.0
15,2.8,Current,25%,None,Improved,Current,No, 179.0 , 82.1 , 32.1 ,17.1,17.3
15,2.8,Current,25%,75%,Improved,Current,No, 149.6 , 50.1 , 26.5 ,30.7,31.8
15,2.8,Improved,Current,None,Improved,Current,No, 179.5 , 77.4 , 32.1 ,16.9,17.3
15,2.8,Improved,Current,75%,Improved,Current,No, 149.9 , 45.4 , 26.4 ,30.6,31.9
15,2.8,Improved,25%,None,Improved,Current,No, 177.1 , 80.0 , 31.8 ,18.0,18.2
15,2.8,Improved,25%,75%,Improved,Current,No, 147.7 , 48.0 , 26.1 ,31.6,32.7
15,4,Current,Current,None,Improved,Current,No, 173.9 , 71.4 , 31.1 ,19.5,20.0
15,4,Current,Current,75%,Improved,Current,No, 144.1 , 39.4 , 25.3 ,33.3,34.8
15,4,Current,25%,None,Improved,Current,No, 171.4 , 73.9 , 30.7 ,20.6,21.0
15,4,Current,25%,75%,Improved,Current,No, 141.8 , 41.9 , 25.0 ,34.3,35.6
15,4,Improved,Current,None,Improved,Current,No, 172.1 , 69.4 , 30.7 ,20.3,20.9
15,4,Improved,Current,75%,Improved,Current,No, 142.1 , 37.5 , 25.0 ,34.2,35.7
15,4,Improved,25%,None,Improved,Current,No, 169.5 , 71.9 , 30.3 ,21.5,21.9
15,4,Improved,25%,75%,Improved,Current,No, 139.8 , 39.9 , 24.6 ,35.3,36.6
15,5.5,Current,Current,None,Improved,Current,No, 170.4 , 67.5 , 30.4 ,21.1,21.7
15,5.5,Current,Current,75%,Improved,Current,No, 140.2 , 35.5 , 24.6 ,35.1,36.7
15,5.5,Current,25%,None,Improved,Current,No, 167.7 , 69.8 , 30.0 ,22.3,22.8
15,5.5,Current,25%,75%,Improved,Current,No, 137.8 , 37.9 , 24.2 ,36.2,37.6
15,5.5,Improved,Current,None,Improved,Current,No, 168.5 , 65.5 , 30.0 ,22.0,22.7
15,5.5,Improved,Current,75%,Improved,Current,No, 138.2 , 33.6 , 24.2 ,36.0,37.6
15,5.5,Improved,25%,None,Improved,Current,No, 165.9 , 67.8 , 29.6 ,23.2,23.7
15,5.5,Improved,25%,75%,Improved,Current,No, 135.8 , 35.9 , 23.9 ,37.1,38.6
5,2.8,Current,Current,None,Improved,ASHP,No, 149.9 , 84.8 , 26.0 ,30.6,33.2
5,2.8,Current,Current,75%,Improved,ASHP,No, 136.4 , 55.0 , 23.5 ,36.8,39.4
5,2.8,Current,25%,None,Improved,ASHP,No, 146.3 , 87.5 , 25.3 ,32.2,34.7
5,2.8,Current,25%,75%,Improved,ASHP,No, 132.8 , 57.8 , 22.9 ,38.5,41.0
5,2.8,Improved,Current,None,Improved,ASHP,No, 148.9 , 83.0 , 25.8 ,31.0,33.6
5,2.8,Improved,Current,75%,Improved,ASHP,No, 135.4 , 53.0 , 23.4 ,37.3,39.9
5,2.8,Improved,25%,None,Improved,ASHP,No, 145.3 , 85.6 , 25.2 ,32.7,35.2
5,2.8,Improved,25%,75%,Improved,ASHP,No, 131.8 , 55.8 , 22.8 ,39.0,41.4
5,4,Current,Current,None,Improved,ASHP,No, 146.4 , 77.8 , 25.3 ,32.2,34.8
5,4,Current,Current,75%,Improved,ASHP,No, 132.4 , 47.0 , 22.8 ,38.7,41.2
5,4,Current,25%,None,Improved,ASHP,No, 142.7 , 80.2 , 24.7 ,33.9,36.4
5,4,Current,25%,75%,Improved,ASHP,No, 128.8 , 49.6 , 22.2 ,40.4,42.8
5,4,Improved,Current,None,Improved,ASHP,No, 145.5 , 75.8 , 25.2 ,32.6,35.2
5,4,Improved,Current,75%,Improved,ASHP,No, 131.5 , 45.0 , 22.7 ,39.1,41.6
5,4,Improved,25%,None,Improved,ASHP,No, 141.8 , 78.3 , 24.5 ,34.4,36.8
5,4,Improved,25%,75%,Improved,ASHP,No, 127.8 , 47.6 , 22.1 ,40.8,43.2
5,5.5,Current,Current,None,Improved,ASHP,No, 144.6 , 74.1 , 25.0 ,33.0,35.6
5,5.5,Current,Current,75%,Improved,ASHP,No, 130.5 , 43.0 , 22.5 ,39.5,42.1
5,5.5,Current,25%,None,Improved,ASHP,No, 140.9 , 76.5 , 24.4 ,34.8,37.2
5,5.5,Current,25%,75%,Improved,ASHP,No, 126.8 , 45.5 , 21.9 ,41.3,43.7
5,5.5,Improved,Current,None,Improved,ASHP,No, 143.7 , 72.1 , 24.8 ,33.5,36.0
5,5.5,Improved,Current,75%,Improved,ASHP,No, 129.6 , 41.1 , 22.3 ,40.0,42.5
5,5.5,Improved,25%,None,Improved,ASHP,No, 139.9 , 74.6 , 24.2 ,35.2,37.7
5,5.5,Improved,25%,75%,Improved,ASHP,No, 125.8 , 43.5 , 21.7 ,41.7,44.1
10,2.8,Current,Current,None,Improved,ASHP,No, 147.4 , 79.9 , 25.5 ,31.7,34.3
10,2.8,Current,Current,75%,Improved,ASHP,No, 133.6 , 49.4 , 23.0 ,38.2,40.7
10,2.8,Current,25%,None,Improved,ASHP,No, 143.7 , 82.4 , 24.9 ,33.5,36.0
10,2.8,Current,25%,75%,Improved,ASHP,No, 129.9 , 52.1 , 22.4 ,39.8,42.3
10,2.8,Improved,Current,None,Improved,ASHP,No, 146.5 , 78.0 , 25.3 ,32.2,34.8
10,2.8,Improved,Current,75%,Improved,ASHP,No, 132.5 , 47.4 , 22.9 ,38.6,41.2
10,2.8,Improved,25%,None,Improved,ASHP,No, 142.7 , 80.6 , 24.7 ,33.9,36.4
10,2.8,Improved,25%,75%,Improved,ASHP,No, 128.9 , 50.1 , 22.2 ,40.3,42.7
10,4,Current,Current,None,Improved,ASHP,No, 143.8 , 72.6 , 24.9 ,33.4,36.0
10,4,Current,Current,75%,Improved,ASHP,No, 129.7 , 41.4 , 22.4 ,40.0,42.5
10,4,Current,25%,None,Improved,ASHP,No, 140.0 , 74.9 , 24.2 ,35.2,37.6
10,4,Current,25%,75%,Improved,ASHP,No, 125.9 , 43.9 , 21.7 ,41.7,44.1
10,4,Improved,Current,None,Improved,ASHP,No, 142.9 , 70.6 , 24.7 ,33.8,36.4
10,4,Improved,Current,75%,Improved,ASHP,No, 128.7 , 39.4 , 22.2 ,40.4,42.9
10,4,Improved,25%,None,Improved,ASHP,No, 139.1 , 73.1 , 24.1 ,35.6,38.0
10,4,Improved,25%,75%,Improved,ASHP,No, 125.0 , 41.9 , 21.6 ,42.1,44.5
10,5.5,Current,Current,None,Improved,ASHP,No, 142.0 , 69.0 , 24.6 ,34.2,36.8
10,5.5,Current,Current,75%,Improved,ASHP,No, 127.7 , 37.5 , 22.0 ,40.8,43.3
10,5.5,Current,25%,None,Improved,ASHP,No, 138.1 , 71.1 , 23.9 ,36.0,38.5
10,5.5,Current,25%,75%,Improved,ASHP,No, 124.0 , 39.9 , 21.4 ,42.6,45.0
10,5.5,Improved,Current,None,Improved,ASHP,No, 141.0 , 66.9 , 24.4 ,34.7,37.2
10,5.5,Improved,Current,75%,Improved,ASHP,No, 126.8 , 35.5 , 21.8 ,41.3,43.8
10,5.5,Improved,25%,None,Improved,ASHP,No, 137.3 , 69.3 , 23.7 ,36.4,38.9
10,5.5,Improved,25%,75%,Improved,ASHP,No, 123.0 , 37.8 , 21.2 ,43.0,45.4
15,2.8,Current,Current,None,Improved,ASHP,No, 146.5 , 78.3 , 25.4 ,32.1,34.7
15,2.8,Current,Current,75%,Improved,ASHP,No, 132.5 , 47.5 , 22.9 ,38.6,41.2
15,2.8,Current,25%,None,Improved,ASHP,No, 142.7 , 80.5 , 24.7 ,33.9,36.4
15,2.8,Current,25%,75%,Improved,ASHP,No, 128.9 , 50.1 , 22.2 ,40.3,42.7
15,2.8,Improved,Current,None,Improved,ASHP,No, 145.6 , 76.4 , 25.2 ,32.6,35.2
15,2.8,Improved,Current,75%,Improved,ASHP,No, 131.6 , 45.5 , 22.7 ,39.1,41.6
15,2.8,Improved,25%,None,Improved,ASHP,No, 141.8 , 78.7 , 24.5 ,34.3,36.8
15,2.8,Improved,25%,75%,Improved,ASHP,No, 127.9 , 48.1 , 22.1 ,40.8,43.2
15,4,Current,Current,None,Improved,ASHP,No, 142.9 , 70.8 , 24.7 ,33.8,36.4
15,4,Current,Current,75%,Improved,ASHP,No, 128.7 , 39.5 , 22.2 ,40.4,42.9
15,4,Current,25%,None,Improved,ASHP,No, 139.1 , 73.1 , 24.1 ,35.6,38.0
15,4,Current,25%,75%,Improved,ASHP,No, 124.9 , 41.9 , 21.6 ,42.1,44.5
15,4,Improved,Current,None,Improved,ASHP,No, 141.9 , 68.9 , 24.5 ,34.3,36.8
15,4,Improved,Current,75%,Improved,ASHP,No, 127.7 , 37.5 , 22.0 ,40.9,43.3
15,4,Improved,25%,None,Improved,ASHP,No, 138.1 , 71.2 , 23.9 ,36.0,38.5
15,4,Improved,25%,75%,Improved,ASHP,No, 124.0 , 39.9 , 21.4 ,42.6,45.0
15,5.5,Current,Current,None,Improved,ASHP,No, 141.1 , 67.0 , 24.4 ,34.7,37.2
15,5.5,Current,Current,75%,Improved,ASHP,No, 126.8 , 35.6 , 21.8 ,41.3,43.8
15,5.5,Current,25%,None,Improved,ASHP,No, 137.3 , 69.4 , 23.8 ,36.4,38.9
15,5.5,Current,25%,75%,Improved,ASHP,No, 123.0 , 37.9 , 21.2 ,43.0,45.4
15,5.5,Improved,Current,None,Improved,ASHP,No, 140.0 , 65.3 , 24.2 ,35.2,37.7
15,5.5,Improved,Current,75%,Improved,ASHP,No, 125.7 , 33.6 , 21.7 ,41.8,44.2
15,5.5,Improved,25%,None,Improved,ASHP,No, 136.3 , 67.5 , 23.6 ,36.9,39.3
15,5.5,Improved,25%,75%,Improved,ASHP,No, 122.0 , 35.9 , 21.0 ,43.5,45.8
5,2.8,Current,Current,None,Current,Current,Yes, 214.1 , 100.9 , 38.5 ,0.9,0.8
5,2.8,Current,Current,75%,Current,Current,Yes, 181.2 , 65.6 , 32.2 ,16.1,17.0
5,2.8,Current,25%,None,Current,Current,Yes, 211.9 , 103.7 , 38.2 ,1.9,1.6
5,2.8,Current,25%,75%,Current,Current,Yes, 179.1 , 68.3 , 31.9 ,17.0,17.8
5,2.8,Improved,Current,None,Current,Current,Yes, 212.3 , 99.0 , 38.2 ,1.7,1.7
5,2.8,Improved,Current,75%,Current,Current,Yes, 179.3 , 63.6 , 31.9 ,16.9,18.0
5,2.8,Improved,25%,None,Current,Current,Yes, 210.0 , 101.7 , 37.9 ,2.7,2.6
5,2.8,Improved,25%,75%,Current,Current,Yes, 177.2 , 66.3 , 31.6 ,17.9,18.8
5,4,Current,Current,None,Current,Current,Yes, 206.7 , 92.9 , 37.1 ,4.3,4.4
5,4,Current,Current,75%,Current,Current,Yes, 173.6 , 57.6 , 30.8 ,19.6,20.8
5,4,Current,25%,None,Current,Current,Yes, 204.3 , 95.5 , 36.8 ,5.4,5.4
5,4,Current,25%,75%,Current,Current,Yes, 171.3 , 60.2 , 30.4 ,20.7,21.6
5,4,Improved,Current,None,Current,Current,Yes, 204.9 , 90.9 , 36.8 ,5.1,5.3
5,4,Improved,Current,75%,Current,Current,Yes, 171.7 , 55.6 , 30.4 ,20.5,21.7
5,4,Improved,25%,None,Current,Current,Yes, 202.4 , 93.5 , 36.4 ,6.3,6.3
5,4,Improved,25%,75%,Current,Current,Yes, 169.4 , 58.2 , 30.1 ,21.5,22.6
5,5.5,Current,Current,None,Current,Current,Yes, 203.1 , 88.9 , 36.4 ,6.0,6.2
5,5.5,Current,Current,75%,Current,Current,Yes, 169.7 , 53.6 , 30.0 ,21.4,22.7
5,5.5,Current,25%,None,Current,Current,Yes, 200.6 , 91.4 , 36.1 ,7.1,7.2
5,5.5,Current,25%,75%,Current,Current,Yes, 167.5 , 56.1 , 29.7 ,22.4,23.5
5,5.5,Improved,Current,None,Current,Current,Yes, 201.2 , 87.0 , 36.1 ,6.8,7.1
5,5.5,Improved,Current,75%,Current,Current,Yes, 167.8 , 51.6 , 29.7 ,22.3,23.6
5,5.5,Improved,25%,None,Current,Current,Yes, 198.7 , 89.4 , 35.7 ,8.0,8.1
5,5.5,Improved,25%,75%,Current,Current,Yes, 165.5 , 54.1 , 29.3 ,23.3,24.5
10,2.8,Current,Current,None,Current,Current,Yes, 208.8 , 95.3 , 37.5 ,3.3,3.4
10,2.8,Current,Current,75%,Current,Current,Yes, 175.8 , 59.9 , 31.2 ,18.6,19.7
10,2.8,Current,25%,None,Current,Current,Yes, 206.5 , 98.0 , 37.2 ,4.4,4.3
10,2.8,Current,25%,75%,Current,Current,Yes, 173.6 , 62.6 , 30.9 ,19.6,20.5
10,2.8,Improved,Current,None,Current,Current,Yes, 207.0 , 93.3 , 37.2 ,4.1,4.3
10,2.8,Improved,Current,75%,Current,Current,Yes, 173.9 , 58.0 , 30.8 ,19.5,20.6
10,2.8,Improved,25%,None,Current,Current,Yes, 204.6 , 96.0 , 36.8 ,5.2,5.2
10,2.8,Improved,25%,75%,Current,Current,Yes, 171.7 , 60.6 , 30.5 ,20.5,21.5
10,4,Current,Current,None,Current,Current,Yes, 201.5 , 87.3 , 36.1 ,6.7,7.0
10,4,Current,Current,75%,Current,Current,Yes, 168.1 , 52.0 , 29.7 ,22.2,23.5
10,4,Current,25%,None,Current,Current,Yes, 199.0 , 89.8 , 35.8 ,7.8,7.9
10,4,Current,25%,75%,Current,Current,Yes, 165.8 , 54.5 , 29.4 ,23.2,24.4
10,4,Improved,Current,None,Current,Current,Yes, 199.6 , 85.3 , 35.8 ,7.6,7.9
10,4,Improved,Current,75%,Current,Current,Yes, 166.1 , 50.0 , 29.4 ,23.1,24.4
10,4,Improved,25%,None,Current,Current,Yes, 197.1 , 87.8 , 35.4 ,8.7,8.9
10,4,Improved,25%,75%,Current,Current,Yes, 163.9 , 52.4 , 29.0 ,24.1,25.3
10,5.5,Current,Current,None,Current,Current,Yes, 197.9 , 83.4 , 35.4 ,8.4,8.8
10,5.5,Current,Current,75%,Current,Current,Yes, 164.2 , 48.0 , 29.0 ,24.0,25.4
10,5.5,Current,25%,None,Current,Current,Yes, 195.3 , 85.8 , 35.1 ,9.6,9.8
10,5.5,Current,25%,75%,Current,Current,Yes, 161.9 , 50.4 , 28.6 ,25.0,26.3
10,5.5,Improved,Current,None,Current,Current,Yes, 196.1 , 81.4 , 35.1 ,9.2,9.6
10,5.5,Improved,Current,75%,Current,Current,Yes, 162.3 , 46.1 , 28.6 ,24.8,26.3
10,5.5,Improved,25%,None,Current,Current,Yes, 193.4 , 83.7 , 34.7 ,10.4,10.7
10,5.5,Improved,25%,75%,Current,Current,Yes, 159.9 , 48.4 , 28.3 ,26.0,27.3
15,2.8,Current,Current,None,Current,Current,Yes, 207.0 , 93.4 , 37.2 ,4.1,4.3
15,2.8,Current,Current,75%,Current,Current,Yes, 173.9 , 58.0 , 30.8 ,19.5,20.6
15,2.8,Current,25%,None,Current,Current,Yes, 204.7 , 96.0 , 36.8 ,5.2,5.2
15,2.8,Current,25%,75%,Current,Current,Yes, 171.8 , 60.7 , 30.5 ,20.5,21.4
15,2.8,Improved,Current,None,Current,Current,Yes, 205.2 , 91.4 , 36.8 ,5.0,5.2
15,2.8,Improved,Current,75%,Current,Current,Yes, 172.0 , 56.0 , 30.5 ,20.4,21.6
15,2.8,Improved,25%,None,Current,Current,Yes, 202.8 , 94.0 , 36.5 ,6.1,6.1
15,2.8,Improved,25%,75%,Current,Current,Yes, 169.8 , 58.6 , 30.2 ,21.4,22.4
15,4,Current,Current,None,Current,Current,Yes, 199.7 , 85.4 , 35.8 ,7.5,7.9
15,4,Current,Current,75%,Current,Current,Yes, 166.1 , 50.0 , 29.4 ,23.1,24.4
15,4,Current,25%,None,Current,Current,Yes, 197.2 , 87.8 , 35.4 ,8.7,8.8
15,4,Current,25%,75%,Current,Current,Yes, 163.9 , 52.5 , 29.0 ,24.1,25.3
15,4,Improved,Current,None,Current,Current,Yes, 197.9 , 83.4 , 35.4 ,8.4,8.8
15,4,Improved,Current,75%,Current,Current,Yes, 164.2 , 48.1 , 29.0 ,24.0,25.4
15,4,Improved,25%,None,Current,Current,Yes, 195.3 , 85.8 , 35.1 ,9.6,9.8
15,4,Improved,25%,75%,Current,Current,Yes, 161.9 , 50.5 , 28.6 ,25.0,26.3
15,5.5,Current,Current,None,Current,Current,Yes, 196.1 , 81.5 , 35.1 ,9.2,9.6
15,5.5,Current,Current,75%,Current,Current,Yes, 162.3 , 46.1 , 28.6 ,24.8,26.3
15,5.5,Current,25%,None,Current,Current,Yes, 193.5 , 83.8 , 34.7 ,10.4,10.7
15,5.5,Current,25%,75%,Current,Current,Yes, 159.9 , 48.5 , 28.3 ,26.0,27.2
15,5.5,Improved,Current,None,Current,Current,Yes, 194.1 , 79.5 , 34.7 ,10.1,10.6
15,5.5,Improved,Current,75%,Current,Current,Yes, 160.1 , 44.2 , 28.2 ,25.8,27.4
15,5.5,Improved,25%,None,Current,Current,Yes, 191.7 , 81.8 , 34.4 ,11.2,11.5
15,5.5,Improved,25%,75%,Current,Current,Yes, 157.9 , 46.5 , 27.9 ,26.9,28.2
5,2.8,Current,Current,None,Improved,Current,Yes, 186.6 , 87.0 , 33.5 ,13.6,13.7
5,2.8,Current,Current,75%,Improved,Current,Yes, 157.3 , 55.0 , 27.9 ,27.2,28.2
5,2.8,Current,25%,None,Improved,Current,Yes, 184.4 , 89.7 , 33.2 ,14.6,14.6
5,2.8,Current,25%,75%,Improved,Current,Yes, 155.2 , 57.7 , 27.6 ,28.1,29.0
5,2.8,Improved,Current,None,Improved,Current,Yes, 184.7 , 85.0 , 33.2 ,14.5,14.6
5,2.8,Improved,Current,75%,Improved,Current,Yes, 155.4 , 53.0 , 27.5 ,28.0,29.1
5,2.8,Improved,25%,None,Improved,Current,Yes, 182.4 , 87.7 , 32.8 ,15.5,15.5
5,2.8,Improved,25%,75%,Improved,Current,Yes, 153.3 , 55.7 , 27.2 ,29.0,29.9
5,4,Current,Current,None,Improved,Current,Yes, 179.1 , 78.9 , 32.1 ,17.0,17.4
5,4,Current,Current,75%,Improved,Current,Yes, 149.6 , 47.0 , 26.4 ,30.7,31.9
5,4,Current,25%,None,Improved,Current,Yes, 176.7 , 81.6 , 31.7 ,18.2,18.3
5,4,Current,25%,75%,Improved,Current,Yes, 147.4 , 49.6 , 26.1 ,31.7,32.8
5,4,Improved,Current,None,Improved,Current,Yes, 177.3 , 77.0 , 31.8 ,17.9,18.2
5,4,Improved,Current,75%,Improved,Current,Yes, 147.7 , 45.0 , 26.1 ,31.6,32.9
5,4,Improved,25%,None,Improved,Current,Yes, 174.8 , 79.5 , 31.4 ,19.0,19.2
5,4,Improved,25%,75%,Improved,Current,Yes, 145.5 , 47.6 , 25.7 ,32.6,33.7
5,5.5,Current,Current,None,Improved,Current,Yes, 175.5 , 75.0 , 31.4 ,18.7,19.1
5,5.5,Current,Current,75%,Improved,Current,Yes, 145.8 , 43.0 , 25.7 ,32.5,33.8
5,5.5,Current,25%,None,Improved,Current,Yes, 173.0 , 77.5 , 31.0 ,19.9,20.1
5,5.5,Current,25%,75%,Improved,Current,Yes, 143.5 , 45.5 , 25.4 ,33.5,34.7
5,5.5,Improved,Current,None,Improved,Current,Yes, 173.7 , 73.0 , 31.1 ,19.6,20.0
5,5.5,Improved,Current,75%,Improved,Current,Yes, 143.9 , 41.0 , 25.3 ,33.4,34.8
5,5.5,Improved,25%,None,Improved,Current,Yes, 171.1 , 75.5 , 30.7 ,20.7,21.0
5,5.5,Improved,25%,75%,Improved,Current,Yes, 141.6 , 43.5 , 25.0 ,34.4,35.6
10,2.8,Current,Current,None,Improved,Current,Yes, 181.3 , 81.3 , 32.5 ,16.1,16.3
10,2.8,Current,Current,75%,Improved,Current,Yes, 151.8 , 49.4 , 26.9 ,29.7,30.9
10,2.8,Current,25%,None,Improved,Current,Yes, 178.9 , 84.0 , 32.2 ,17.1,17.2
10,2.8,Current,25%,75%,Improved,Current,Yes, 149.7 , 52.0 , 26.6 ,30.7,31.7
10,2.8,Improved,Current,None,Improved,Current,Yes, 179.4 , 79.4 , 32.2 ,16.9,17.2
10,2.8,Improved,Current,75%,Improved,Current,Yes, 149.9 , 47.4 , 26.5 ,30.6,31.8
10,2.8,Improved,25%,None,Improved,Current,Yes, 177.1 , 82.0 , 31.8 ,18.0,18.1
10,2.8,Improved,25%,75%,Improved,Current,Yes, 147.8 , 50.0 , 26.2 ,31.6,32.6
10,4,Current,Current,None,Improved,Current,Yes, 173.9 , 73.3 , 31.1 ,19.5,19.9
10,4,Current,Current,75%,Improved,Current,Yes, 144.1 , 41.4 , 25.4 ,33.2,34.6
10,4,Current,25%,None,Improved,Current,Yes, 171.4 , 75.8 , 30.7 ,20.6,20.9
10,4,Current,25%,75%,Improved,Current,Yes, 141.9 , 43.9 , 25.1 ,34.3,35.5
10,4,Improved,Current,None,Improved,Current,Yes, 172.1 , 71.4 , 30.8 ,20.3,20.8
10,4,Improved,Current,75%,Improved,Current,Yes, 142.2 , 39.4 , 25.0 ,34.1,35.6
10,4,Improved,25%,None,Improved,Current,Yes, 169.5 , 73.8 , 30.4 ,21.5,21.8
10,4,Improved,25%,75%,Improved,Current,Yes, 139.9 , 41.8 , 24.7 ,35.2,36.5
10,5.5,Current,Current,None,Improved,Current,Yes, 170.3 , 69.4 , 30.4 ,21.1,21.7
10,5.5,Current,Current,75%,Improved,Current,Yes, 140.3 , 37.4 , 24.7 ,35.0,36.5
10,5.5,Current,25%,None,Improved,Current,Yes, 167.7 , 71.8 , 30.0 ,22.3,22.7
10,5.5,Current,25%,75%,Improved,Current,Yes, 137.9 , 39.8 , 24.3 ,36.1,37.4
10,5.5,Improved,Current,None,Improved,Current,Yes, 168.5 , 67.4 , 30.1 ,22.0,22.6
10,5.5,Improved,Current,75%,Improved,Current,Yes, 138.4 , 35.5 , 24.3 ,35.9,37.5
10,5.5,Improved,25%,None,Improved,Current,Yes, 165.8 , 69.8 , 29.7 ,23.2,23.6
10,5.5,Improved,25%,75%,Improved,Current,Yes, 135.9 , 37.8 , 23.9 ,37.1,38.4
15,2.8,Current,Current,None,Improved,Current,Yes, 179.5 , 79.4 , 32.2 ,16.9,17.2
15,2.8,Current,Current,75%,Improved,Current,Yes, 150.0 , 47.4 , 26.5 ,30.6,31.8
15,2.8,Current,25%,None,Improved,Current,Yes, 177.1 , 82.1 , 31.8 ,18.0,18.1
15,2.8,Current,25%,75%,Improved,Current,Yes, 147.8 , 50.1 , 26.2 ,31.6,32.6
15,2.8,Improved,Current,None,Improved,Current,Yes, 177.6 , 77.4 , 31.8 ,17.7,18.1
15,2.8,Improved,Current,75%,Improved,Current,Yes, 148.0 , 45.4 , 26.1 ,31.4,32.7
15,2.8,Improved,25%,None,Improved,Current,Yes, 175.2 , 80.0 , 31.5 ,18.8,19.0
15,2.8,Improved,25%,75%,Improved,Current,Yes, 145.9 , 48.0 , 25.8 ,32.5,33.5
15,4,Current,Current,None,Improved,Current,Yes, 172.1 , 71.4 , 30.8 ,20.3,20.8
15,4,Current,Current,75%,Improved,Current,Yes, 142.2 , 39.4 , 25.0 ,34.1,35.6
15,4,Current,25%,None,Improved,Current,Yes, 169.6 , 73.9 , 30.4 ,21.5,21.8
15,4,Current,25%,75%,Improved,Current,Yes, 139.9 , 41.9 , 24.7 ,35.2,36.4
15,4,Improved,Current,None,Improved,Current,Yes, 170.3 , 69.4 , 30.4 ,21.1,21.7
15,4,Improved,Current,75%,Improved,Current,Yes, 140.3 , 37.5 , 24.7 ,35.0,36.5
15,4,Improved,25%,None,Improved,Current,Yes, 167.7 , 71.9 , 30.0 ,22.3,22.7
15,4,Improved,25%,75%,Improved,Current,Yes, 137.9 , 39.9 , 24.3 ,36.1,37.4
15,5.5,Current,Current,None,Improved,Current,Yes, 168.5 , 67.5 , 30.1 ,22.0,22.6
15,5.5,Current,Current,75%,Improved,Current,Yes, 138.4 , 35.5 , 24.3 ,35.9,37.5
15,5.5,Current,25%,None,Improved,Current,Yes, 165.9 , 69.8 , 29.7 ,23.2,23.6
15,5.5,Current,25%,75%,Improved,Current,Yes, 135.9 , 37.9 , 23.9 ,37.0,38.4
15,5.5,Improved,Current,None,Improved,Current,Yes, 166.6 , 65.5 , 29.7 ,22.8,23.5
15,5.5,Improved,Current,75%,Improved,Current,Yes, 136.3 , 33.6 , 23.9 ,36.9,38.5
15,5.5,Improved,25%,None,Improved,Current,Yes, 164.0 , 67.8 , 29.3 ,24.0,24.5
15,5.5,Improved,25%,75%,Improved,Current,Yes, 134.0 , 35.9 , 23.6 ,38.0,39.4
5,2.8,Current,Current,None,Improved,ASHP,Yes, 148.1 , 84.8 , 25.6 ,31.4,34.0
5,2.8,Current,Current,75%,Improved,ASHP,Yes, 134.5 , 55.0 , 23.2 ,37.7,40.2
5,2.8,Current,25%,None,Improved,ASHP,Yes, 144.5 , 87.5 , 25.0 ,33.1,35.6
5,2.8,Current,25%,75%,Improved,ASHP,Yes, 130.9 , 57.8 , 22.6 ,39.4,41.8
5,2.8,Improved,Current,None,Improved,ASHP,Yes, 147.1 , 83.0 , 25.5 ,31.9,34.5
5,2.8,Improved,Current,75%,Improved,ASHP,Yes, 133.6 , 53.0 , 23.1 ,38.1,40.7
5,2.8,Improved,25%,None,Improved,ASHP,Yes, 143.5 , 85.6 , 24.9 ,33.6,36.0
5,2.8,Improved,25%,75%,Improved,ASHP,Yes, 130.0 , 55.8 , 22.4 ,39.8,42.2
5,4,Current,Current,None,Improved,ASHP,Yes, 144.6 , 77.8 , 25.0 ,33.0,35.6
5,4,Current,Current,75%,Improved,ASHP,Yes, 130.6 , 47.0 , 22.5 ,39.5,42.0
5,4,Current,25%,None,Improved,ASHP,Yes, 140.8 , 80.2 , 24.4 ,34.8,37.2
5,4,Current,25%,75%,Improved,ASHP,Yes, 127.0 , 49.6 , 21.9 ,41.2,43.6
5,4,Improved,Current,None,Improved,ASHP,Yes, 143.6 , 75.8 , 24.9 ,33.5,36.0
5,4,Improved,Current,75%,Improved,ASHP,Yes, 129.6 , 45.0 , 22.4 ,40.0,42.5
5,4,Improved,25%,None,Improved,ASHP,Yes, 139.9 , 78.3 , 24.2 ,35.2,37.6
5,4,Improved,25%,75%,Improved,ASHP,Yes, 126.0 , 47.6 , 21.7 ,41.7,44.0
5,5.5,Current,Current,None,Improved,ASHP,Yes, 142.8 , 74.1 , 24.7 ,33.9,36.4
5,5.5,Current,Current,75%,Improved,ASHP,Yes, 128.7 , 43.0 , 22.2 ,40.4,42.9
5,5.5,Current,25%,None,Improved,ASHP,Yes, 139.0 , 76.5 , 24.1 ,35.6,38.0
5,5.5,Current,25%,75%,Improved,ASHP,Yes, 125.0 , 45.5 , 21.6 ,42.1,44.5
5,5.5,Improved,Current,None,Improved,ASHP,Yes, 141.8 , 72.1 , 24.5 ,34.3,36.8
5,5.5,Improved,Current,75%,Improved,ASHP,Yes, 127.7 , 41.1 , 22.0 ,40.8,43.3
5,5.5,Improved,25%,None,Improved,ASHP,Yes, 138.1 , 74.6 , 23.9 ,36.1,38.5
5,5.5,Improved,25%,75%,Improved,ASHP,Yes, 124.0 , 43.5 , 21.4 ,42.6,44.9
10,2.8,Current,Current,None,Improved,ASHP,Yes, 145.6 , 79.9 , 25.2 ,32.6,35.1
10,2.8,Current,Current,75%,Improved,ASHP,Yes, 131.7 , 49.4 , 22.7 ,39.0,41.5
10,2.8,Current,25%,None,Improved,ASHP,Yes, 141.8 , 82.4 , 24.6 ,34.3,36.8
10,2.8,Current,25%,75%,Improved,ASHP,Yes, 128.1 , 52.1 , 22.1 ,40.7,43.1
10,2.8,Improved,Current,None,Improved,ASHP,Yes, 144.6 , 78.0 , 25.0 ,33.0,35.6
10,2.8,Improved,Current,75%,Improved,ASHP,Yes, 130.7 , 47.4 , 22.5 ,39.5,42.0
10,2.8,Improved,25%,None,Improved,ASHP,Yes, 140.9 , 80.6 , 24.4 ,34.8,37.2
10,2.8,Improved,25%,75%,Improved,ASHP,Yes, 127.1 , 50.1 , 21.9 ,41.1,43.5
10,4,Current,Current,None,Improved,ASHP,Yes, 142.0 , 72.6 , 24.6 ,34.2,36.8
10,4,Current,Current,75%,Improved,ASHP,Yes, 127.8 , 41.4 , 22.0 ,40.8,43.3
10,4,Current,25%,None,Improved,ASHP,Yes, 138.1 , 74.9 , 23.9 ,36.0,38.5
10,4,Current,25%,75%,Improved,ASHP,Yes, 124.1 , 43.9 , 21.4 ,42.5,44.9
10,4,Improved,Current,None,Improved,ASHP,Yes, 141.0 , 70.6 , 24.4 ,34.7,37.2
10,4,Improved,Current,75%,Improved,ASHP,Yes, 126.8 , 39.4 , 21.9 ,41.3,43.7
10,4,Improved,25%,None,Improved,ASHP,Yes, 137.3 , 73.1 , 23.8 ,36.4,38.8
10,4,Improved,25%,75%,Improved,ASHP,Yes, 123.1 , 41.9 , 21.2 ,43.0,45.3
10,5.5,Current,Current,None,Improved,ASHP,Yes, 140.2 , 69.0 , 24.2 ,35.1,37.6
10,5.5,Current,Current,75%,Improved,ASHP,Yes, 125.9 , 37.5 , 21.7 ,41.7,44.1
10,5.5,Current,25%,None,Improved,ASHP,Yes, 136.3 , 71.1 , 23.6 ,36.9,39.3
10,5.5,Current,25%,75%,Improved,ASHP,Yes, 122.1 , 39.9 , 21.1 ,43.4,45.8
10,5.5,Improved,Current,None,Improved,ASHP,Yes, 139.2 , 66.9 , 24.1 ,35.6,38.0
10,5.5,Improved,Current,75%,Improved,ASHP,Yes, 124.9 , 35.5 , 21.5 ,42.1,44.6
10,5.5,Improved,25%,None,Improved,ASHP,Yes, 135.4 , 69.3 , 23.4 ,37.3,39.7
10,5.5,Improved,25%,75%,Improved,ASHP,Yes, 121.2 , 37.8 , 20.9 ,43.9,46.2
15,2.8,Current,Current,None,Improved,ASHP,Yes, 144.7 , 78.3 , 25.0 ,33.0,35.5
15,2.8,Current,Current,75%,Improved,ASHP,Yes, 130.7 , 47.5 , 22.5 ,39.5,42.0
15,2.8,Current,25%,None,Improved,ASHP,Yes, 140.8 , 80.5 , 24.4 ,34.8,37.2
15,2.8,Current,25%,75%,Improved,ASHP,Yes, 127.1 , 50.1 , 21.9 ,41.1,43.5
15,2.8,Improved,Current,None,Improved,ASHP,Yes, 143.8 , 76.4 , 24.9 ,33.4,36.0
15,2.8,Improved,Current,75%,Improved,ASHP,Yes, 129.7 , 45.5 , 22.4 ,39.9,42.4
15,2.8,Improved,25%,None,Improved,ASHP,Yes, 139.9 , 78.7 , 24.2 ,35.2,37.6
15,2.8,Improved,25%,75%,Improved,ASHP,Yes, 126.1 , 48.1 , 21.8 ,41.6,44.0
15,4,Current,Current,None,Improved,ASHP,Yes, 141.0 , 70.8 , 24.4 ,34.7,37.2
15,4,Current,Current,75%,Improved,ASHP,Yes, 126.8 , 39.5 , 21.9 ,41.3,43.7
15,4,Current,25%,None,Improved,ASHP,Yes, 137.2 , 73.1 , 23.8 ,36.4,38.8
15,4,Current,25%,75%,Improved,ASHP,Yes, 123.1 , 41.9 , 21.2 ,43.0,45.3
15,4,Improved,Current,None,Improved,ASHP,Yes, 140.1 , 68.9 , 24.2 ,35.1,37.6
15,4,Improved,Current,75%,Improved,ASHP,Yes, 125.9 , 37.5 , 21.7 ,41.7,44.2
15,4,Improved,25%,None,Improved,ASHP,Yes, 136.3 , 71.2 , 23.6 ,36.9,39.3
15,4,Improved,25%,75%,Improved,ASHP,Yes, 122.1 , 39.9 , 21.1 ,43.4,45.8
15,5.5,Current,Current,None,Improved,ASHP,Yes, 139.2 , 67.0 , 24.1 ,35.5,38.0
15,5.5,Current,Current,75%,Improved,ASHP,Yes, 124.9 , 35.6 , 21.5 ,42.1,44.6
15,5.5,Current,25%,None,Improved,ASHP,Yes, 135.4 , 69.4 , 23.4 ,37.3,39.7
15,5.5,Current,25%,75%,Improved,ASHP,Yes, 121.2 , 37.9 , 20.9 ,43.9,46.2
15,5.5,Improved,Current,None,Improved,ASHP,Yes, 138.2 , 65.3 , 23.9 ,36.0,38.5
15,5.5,Improved,Current,75%,Improved,ASHP,Yes, 123.9 , 33.6 , 21.3 ,42.6,45.1
15,5.5,Improved,25%,None,Improved,ASHP,Yes, 134.5 , 67.5 , 23.3 ,37.7,40.1
15,5.5,Improved,25%,75%,Improved,ASHP,Yes, 120.2 , 35.9 , 20.7 ,44.3,46.6
