Spandrels R,Glass R,Air Leakage,LPD,ERV,Controls,HVAC System,TEUI kWh/m2,TEDI kWh/m2,GHGI kgCO2/m2,En Saving %,GHG Saving%
5,2.8,Current,Current,None,Current,Current, 216 , 101 , 39 ,0,0
5,2.8,Current,Current,75%,Current,Current, 183 , 66 , 33 ,15,16
5,2.8,Current,25%,None,Current,Current, 214 , 104 , 39 ,1,1
5,2.8,Current,25%,75%,Current,Current, 181 , 68 , 32 ,16,17
5,2.8,Improved,Current,None,Current,Current, 214 , 99 , 38 ,1,1
5,2.8,Improved,Current,75%,Current,Current, 181 , 64 , 32 ,16,17
5,2.8,Improved,25%,None,Current,Current, 212 , 102 , 38 ,2,2
5,2.8,Improved,25%,75%,Current,Current, 179 , 66 , 32 ,17,18
5,4,Current,Current,None,Current,Current, 209 , 93 , 37 ,3,4
5,4,Current,Current,75%,Current,Current, 175 , 58 , 31 ,19,20
5,4,Current,25%,None,Current,Current, 206 , 96 , 37 ,5,5
5,4,Current,25%,75%,Current,Current, 173 , 60 , 31 ,20,21
5,4,Improved,Current,None,Current,Current, 207 , 91 , 37 ,4,5
5,4,Improved,Current,75%,Current,Current, 174 , 56 , 31 ,20,21
5,4,Improved,25%,None,Current,Current, 204 , 94 , 37 ,5,5
5,4,Improved,25%,75%,Current,Current, 171 , 58 , 30 ,21,22
5,5.5,Current,Current,None,Current,Current, 205 , 89 , 37 ,5,5
5,5.5,Current,Current,75%,Current,Current, 172 , 54 , 30 ,21,22
5,5.5,Current,25%,None,Current,Current, 202 , 91 , 36 ,6,6
5,5.5,Current,25%,75%,Current,Current, 169 , 56 , 30 ,22,23
5,5.5,Improved,Current,None,Current,Current, 203 , 87 , 36 ,6,6
5,5.5,Improved,Current,75%,Current,Current, 170 , 52 , 30 ,21,23
5,5.5,Improved,25%,None,Current,Current, 201 , 89 , 36 ,7,7
5,5.5,Improved,25%,75%,Current,Current, 167 , 54 , 30 ,22,24
10,2.8,Current,Current,None,Current,Current, 211 , 95 , 38 ,2,3
10,2.8,Current,Current,75%,Current,Current, 178 , 60 , 32 ,18,19
10,2.8,Current,25%,None,Current,Current, 208 , 98 , 38 ,4,3
10,2.8,Current,25%,75%,Current,Current, 175 , 63 , 31 ,19,20
10,2.8,Improved,Current,None,Current,Current, 209 , 93 , 37 ,3,3
10,2.8,Improved,Current,75%,Current,Current, 176 , 58 , 31 ,19,20
10,2.8,Improved,25%,None,Current,Current, 206 , 96 , 37 ,4,4
10,2.8,Improved,25%,75%,Current,Current, 174 , 61 , 31 ,20,21
10,4,Current,Current,None,Current,Current, 203 , 87 , 36 ,6,6
10,4,Current,Current,75%,Current,Current, 170 , 52 , 30 ,21,23
10,4,Current,25%,None,Current,Current, 201 , 90 , 36 ,7,7
10,4,Current,25%,75%,Current,Current, 168 , 54 , 30 ,22,24
10,4,Improved,Current,None,Current,Current, 201 , 85 , 36 ,7,7
10,4,Improved,Current,75%,Current,Current, 168 , 50 , 30 ,22,24
10,4,Improved,25%,None,Current,Current, 199 , 88 , 36 ,8,8
10,4,Improved,25%,75%,Current,Current, 166 , 52 , 29 ,23,25
10,5.5,Current,Current,None,Current,Current, 200 , 83 , 36 ,8,8
10,5.5,Current,Current,75%,Current,Current, 166 , 48 , 29 ,23,25
10,5.5,Current,25%,None,Current,Current, 197 , 86 , 35 ,9,9
10,5.5,Current,25%,75%,Current,Current, 164 , 50 , 29 ,24,25
10,5.5,Improved,Current,None,Current,Current, 198 , 81 , 35 ,8,9
10,5.5,Improved,Current,75%,Current,Current, 164 , 46 , 29 ,24,26
10,5.5,Improved,25%,None,Current,Current, 195 , 84 , 35 ,10,10
10,5.5,Improved,25%,75%,Current,Current, 162 , 48 , 29 ,25,26
15,2.8,Current,Current,None,Current,Current, 209 , 93 , 38 ,3,3
15,2.8,Current,Current,75%,Current,Current, 176 , 58 , 31 ,19,20
15,2.8,Current,25%,None,Current,Current, 207 , 96 , 37 ,4,4
15,2.8,Current,25%,75%,Current,Current, 174 , 61 , 31 ,20,21
15,2.8,Improved,Current,None,Current,Current, 207 , 91 , 37 ,4,4
15,2.8,Improved,Current,75%,Current,Current, 174 , 56 , 31 ,20,21
15,2.8,Improved,25%,None,Current,Current, 205 , 94 , 37 ,5,5
15,2.8,Improved,25%,75%,Current,Current, 172 , 59 , 30 ,21,22
15,4,Current,Current,None,Current,Current, 202 , 85 , 36 ,7,7
15,4,Current,Current,75%,Current,Current, 168 , 50 , 30 ,22,24
15,4,Current,25%,None,Current,Current, 199 , 88 , 36 ,8,8
15,4,Current,25%,75%,Current,Current, 166 , 52 , 29 ,23,24
15,4,Improved,Current,None,Current,Current, 200 , 83 , 36 ,8,8
15,4,Improved,Current,75%,Current,Current, 166 , 48 , 29 ,23,25
15,4,Improved,25%,None,Current,Current, 197 , 86 , 35 ,9,9
15,4,Improved,25%,75%,Current,Current, 164 , 50 , 29 ,24,25
15,5.5,Current,Current,None,Current,Current, 198 , 81 , 35 ,8,9
15,5.5,Current,Current,75%,Current,Current, 164 , 46 , 29 ,24,26
15,5.5,Current,25%,None,Current,Current, 195 , 84 , 35 ,10,10
15,5.5,Current,25%,75%,Current,Current, 162 , 48 , 29 ,25,26
15,5.5,Improved,Current,None,Current,Current, 196 , 80 , 35 ,9,10
15,5.5,Improved,Current,75%,Current,Current, 162 , 44 , 29 ,25,27
15,5.5,Improved,25%,None,Current,Current, 194 , 82 , 35 ,10,11
15,5.5,Improved,25%,75%,Current,Current, 160 , 46 , 28 ,26,27
5,2.8,Current,Current,None,Improved,Current, 188 , 87 , 34 ,13,13
5,2.8,Current,Current,75%,Improved,Current, 159 , 55 , 28 ,26,27
5,2.8,Current,25%,None,Improved,Current, 186 , 90 , 34 ,14,14
5,2.8,Current,25%,75%,Improved,Current, 157 , 58 , 28 ,27,28
5,2.8,Improved,Current,None,Improved,Current, 187 , 85 , 33 ,14,14
5,2.8,Improved,Current,75%,Improved,Current, 157 , 53 , 28 ,27,28
5,2.8,Improved,25%,None,Improved,Current, 184 , 88 , 33 ,15,15
5,2.8,Improved,25%,75%,Improved,Current, 155 , 56 , 28 ,28,29
5,4,Current,Current,None,Improved,Current, 181 , 79 , 32 ,16,17
5,4,Current,Current,75%,Improved,Current, 151 , 47 , 27 ,30,31
5,4,Current,25%,None,Improved,Current, 179 , 82 , 32 ,17,17
5,4,Current,25%,75%,Improved,Current, 149 , 50 , 26 ,31,32
5,4,Improved,Current,None,Improved,Current, 179 , 77 , 32 ,17,17
5,4,Improved,Current,75%,Improved,Current, 150 , 45 , 26 ,31,32
5,4,Improved,25%,None,Improved,Current, 177 , 80 , 32 ,18,18
5,4,Improved,25%,75%,Improved,Current, 147 , 48 , 26 ,32,33
5,5.5,Current,Current,None,Improved,Current, 177 , 75 , 32 ,18,18
5,5.5,Current,Current,75%,Improved,Current, 148 , 43 , 26 ,32,33
5,5.5,Current,25%,None,Improved,Current, 175 , 77 , 31 ,19,19
5,5.5,Current,25%,75%,Improved,Current, 145 , 46 , 26 ,33,34
5,5.5,Improved,Current,None,Improved,Current, 176 , 73 , 31 ,19,19
5,5.5,Improved,Current,75%,Improved,Current, 146 , 41 , 26 ,33,34
5,5.5,Improved,25%,None,Improved,Current, 173 , 75 , 31 ,20,20
5,5.5,Improved,25%,75%,Improved,Current, 143 , 43 , 25 ,34,35
10,2.8,Current,Current,None,Improved,Current, 183 , 81 , 33 ,15,15
10,2.8,Current,Current,75%,Improved,Current, 154 , 49 , 27 ,29,30
10,2.8,Current,25%,None,Improved,Current, 181 , 84 , 32 ,16,16
10,2.8,Current,25%,75%,Improved,Current, 152 , 52 , 27 ,30,31
10,2.8,Improved,Current,None,Improved,Current, 181 , 79 , 32 ,16,16
10,2.8,Improved,Current,75%,Improved,Current, 152 , 47 , 27 ,30,31
10,2.8,Improved,25%,None,Improved,Current, 179 , 82 , 32 ,17,17
10,2.8,Improved,25%,75%,Improved,Current, 150 , 50 , 26 ,31,32
10,4,Current,Current,None,Improved,Current, 176 , 73 , 31 ,19,19
10,4,Current,Current,75%,Improved,Current, 146 , 41 , 26 ,32,34
10,4,Current,25%,None,Improved,Current, 173 , 76 , 31 ,20,20
10,4,Current,25%,75%,Improved,Current, 144 , 44 , 25 ,33,35
10,4,Improved,Current,None,Improved,Current, 174 , 71 , 31 ,19,20
10,4,Improved,Current,75%,Improved,Current, 144 , 39 , 25 ,33,35
10,4,Improved,25%,None,Improved,Current, 171 , 74 , 31 ,21,21
10,4,Improved,25%,75%,Improved,Current, 142 , 42 , 25 ,34,36
10,5.5,Current,Current,None,Improved,Current, 172 , 69 , 31 ,20,21
10,5.5,Current,Current,75%,Improved,Current, 142 , 37 , 25 ,34,36
10,5.5,Current,25%,None,Improved,Current, 170 , 72 , 30 ,21,22
10,5.5,Current,25%,75%,Improved,Current, 140 , 40 , 25 ,35,37
10,5.5,Improved,Current,None,Improved,Current, 170 , 67 , 30 ,21,22
10,5.5,Improved,Current,75%,Improved,Current, 140 , 35 , 25 ,35,37
10,5.5,Improved,25%,None,Improved,Current, 168 , 70 , 30 ,22,23
10,5.5,Improved,25%,75%,Improved,Current, 138 , 38 , 24 ,36,38
15,2.8,Current,Current,None,Improved,Current, 181 , 79 , 32 ,16,16
15,2.8,Current,Current,75%,Improved,Current, 152 , 47 , 27 ,30,31
15,2.8,Current,25%,None,Improved,Current, 179 , 82 , 32 ,17,17
15,2.8,Current,25%,75%,Improved,Current, 150 , 50 , 27 ,31,32
15,2.8,Improved,Current,None,Improved,Current, 179 , 77 , 32 ,17,17
15,2.8,Improved,Current,75%,Improved,Current, 150 , 45 , 26 ,31,32
15,2.8,Improved,25%,None,Improved,Current, 177 , 80 , 32 ,18,18
15,2.8,Improved,25%,75%,Improved,Current, 148 , 48 , 26 ,32,33
15,4,Current,Current,None,Improved,Current, 174 , 71 , 31 ,19,20
15,4,Current,Current,75%,Improved,Current, 144 , 39 , 25 ,33,35
15,4,Current,25%,None,Improved,Current, 171 , 74 , 31 ,21,21
15,4,Current,25%,75%,Improved,Current, 142 , 42 , 25 ,34,36
15,4,Improved,Current,None,Improved,Current, 172 , 69 , 31 ,20,21
15,4,Improved,Current,75%,Improved,Current, 142 , 37 , 25 ,34,36
15,4,Improved,25%,None,Improved,Current, 170 , 72 , 30 ,21,22
15,4,Improved,25%,75%,Improved,Current, 140 , 40 , 25 ,35,37
15,5.5,Current,Current,None,Improved,Current, 170 , 67 , 30 ,21,22
15,5.5,Current,Current,75%,Improved,Current, 140 , 36 , 25 ,35,37
15,5.5,Current,25%,None,Improved,Current, 168 , 70 , 30 ,22,23
15,5.5,Current,25%,75%,Improved,Current, 138 , 38 , 24 ,36,38
15,5.5,Improved,Current,None,Improved,Current, 168 , 66 , 30 ,22,23
15,5.5,Improved,Current,75%,Improved,Current, 138 , 34 , 24 ,36,38
15,5.5,Improved,25%,None,Improved,Current, 166 , 68 , 30 ,23,24
15,5.5,Improved,25%,75%,Improved,Current, 136 , 36 , 24 ,37,39
5,2.8,Current,Current,None,Improved,ASHP, 150 , 85 , 26 ,31,33
5,2.8,Current,Current,75%,Improved,ASHP, 136 , 55 , 24 ,37,39
5,2.8,Current,25%,None,Improved,ASHP, 146 , 87 , 25 ,32,35
5,2.8,Current,25%,75%,Improved,ASHP, 133 , 58 , 23 ,39,41
5,2.8,Improved,Current,None,Improved,ASHP, 149 , 83 , 26 ,31,34
5,2.8,Improved,Current,75%,Improved,ASHP, 135 , 53 , 23 ,37,40
5,2.8,Improved,25%,None,Improved,ASHP, 145 , 86 , 25 ,33,35
5,2.8,Improved,25%,75%,Improved,ASHP, 132 , 56 , 23 ,39,41
5,4,Current,Current,None,Improved,ASHP, 146 , 78 , 25 ,32,35
5,4,Current,Current,75%,Improved,ASHP, 132 , 47 , 23 ,39,41
5,4,Current,25%,None,Improved,ASHP, 143 , 80 , 25 ,34,36
5,4,Current,25%,75%,Improved,ASHP, 129 , 50 , 22 ,40,43
5,4,Improved,Current,None,Improved,ASHP, 145 , 76 , 25 ,33,35
5,4,Improved,Current,75%,Improved,ASHP, 131 , 45 , 23 ,39,42
5,4,Improved,25%,None,Improved,ASHP, 142 , 78 , 25 ,34,37
5,4,Improved,25%,75%,Improved,ASHP, 128 , 48 , 22 ,41,43
5,5.5,Current,Current,None,Improved,ASHP, 145 , 74 , 25 ,33,36
5,5.5,Current,Current,75%,Improved,ASHP, 131 , 43 , 23 ,40,42
5,5.5,Current,25%,None,Improved,ASHP, 141 , 76 , 24 ,35,37
5,5.5,Current,25%,75%,Improved,ASHP, 127 , 46 , 22 ,41,44
5,5.5,Improved,Current,None,Improved,ASHP, 144 , 72 , 25 ,33,36
5,5.5,Improved,Current,75%,Improved,ASHP, 130 , 41 , 22 ,40,42
5,5.5,Improved,25%,None,Improved,ASHP, 140 , 75 , 24 ,35,38
5,5.5,Improved,25%,75%,Improved,ASHP, 126 , 44 , 22 ,42,44
10,2.8,Current,Current,None,Improved,ASHP, 147 , 80 , 26 ,32,34
10,2.8,Current,Current,75%,Improved,ASHP, 134 , 49 , 23 ,38,41
10,2.8,Current,25%,None,Improved,ASHP, 144 , 82 , 25 ,33,36
10,2.8,Current,25%,75%,Improved,ASHP, 130 , 52 , 22 ,40,42
10,2.8,Improved,Current,None,Improved,ASHP, 146 , 78 , 25 ,32,35
10,2.8,Improved,Current,75%,Improved,ASHP, 133 , 47 , 23 ,39,41
10,2.8,Improved,25%,None,Improved,ASHP, 143 , 81 , 25 ,34,36
10,2.8,Improved,25%,75%,Improved,ASHP, 129 , 50 , 22 ,40,43
10,4,Current,Current,None,Improved,ASHP, 144 , 73 , 25 ,33,36
10,4,Current,Current,75%,Improved,ASHP, 130 , 41 , 22 ,40,42
10,4,Current,25%,None,Improved,ASHP, 140 , 75 , 24 ,35,38
10,4,Current,25%,75%,Improved,ASHP, 126 , 44 , 22 ,42,44
10,4,Improved,Current,None,Improved,ASHP, 143 , 71 , 25 ,34,36
10,4,Improved,Current,75%,Improved,ASHP, 129 , 39 , 22 ,40,43
10,4,Improved,25%,None,Improved,ASHP, 139 , 73 , 24 ,36,38
10,4,Improved,25%,75%,Improved,ASHP, 125 , 42 , 22 ,42,45
10,5.5,Current,Current,None,Improved,ASHP, 142 , 69 , 25 ,34,37
10,5.5,Current,Current,75%,Improved,ASHP, 128 , 37 , 22 ,41,43
10,5.5,Current,25%,None,Improved,ASHP, 138 , 71 , 24 ,36,38
10,5.5,Current,25%,75%,Improved,ASHP, 124 , 40 , 21 ,43,45
10,5.5,Improved,Current,None,Improved,ASHP, 141 , 67 , 24 ,35,37
10,5.5,Improved,Current,75%,Improved,ASHP, 127 , 36 , 22 ,41,44
10,5.5,Improved,25%,None,Improved,ASHP, 137 , 69 , 24 ,36,39
10,5.5,Improved,25%,75%,Improved,ASHP, 123 , 38 , 21 ,43,45
15,2.8,Current,Current,None,Improved,ASHP, 147 , 78 , 25 ,32,35
15,2.8,Current,Current,75%,Improved,ASHP, 133 , 47 , 23 ,39,41
15,2.8,Current,25%,None,Improved,ASHP, 143 , 81 , 25 ,34,36
15,2.8,Current,25%,75%,Improved,ASHP, 129 , 50 , 22 ,40,43
15,2.8,Improved,Current,None,Improved,ASHP, 146 , 76 , 25 ,33,35
15,2.8,Improved,Current,75%,Improved,ASHP, 132 , 45 , 23 ,39,42
15,2.8,Improved,25%,None,Improved,ASHP, 142 , 79 , 25 ,34,37
15,2.8,Improved,25%,75%,Improved,ASHP, 128 , 48 , 22 ,41,43
15,4,Current,Current,None,Improved,ASHP, 143 , 71 , 25 ,34,36
15,4,Current,Current,75%,Improved,ASHP, 129 , 39 , 22 ,40,43
15,4,Current,25%,None,Improved,ASHP, 139 , 73 , 24 ,36,38
15,4,Current,25%,75%,Improved,ASHP, 125 , 42 , 22 ,42,45
15,4,Improved,Current,None,Improved,ASHP, 142 , 69 , 25 ,34,37
15,4,Improved,Current,75%,Improved,ASHP, 128 , 38 , 22 ,41,43
15,4,Improved,25%,None,Improved,ASHP, 138 , 71 , 24 ,36,38
15,4,Improved,25%,75%,Improved,ASHP, 124 , 40 , 21 ,43,45
15,5.5,Current,Current,None,Improved,ASHP, 141 , 67 , 24 ,35,37
15,5.5,Current,Current,75%,Improved,ASHP, 127 , 36 , 22 ,41,44
15,5.5,Current,25%,None,Improved,ASHP, 137 , 69 , 24 ,36,39
15,5.5,Current,25%,75%,Improved,ASHP, 123 , 38 , 21 ,43,45
15,5.5,Improved,Current,None,Improved,ASHP, 140 , 65 , 24 ,35,38
15,5.5,Improved,Current,75%,Improved,ASHP, 126 , 34 , 22 ,42,44
15,5.5,Improved,25%,None,Improved,ASHP, 136 , 67 , 24 ,37,39
15,5.5,Improved,25%,75%,Improved,ASHP, 122 , 36 , 21 ,43,46
