Roof R-value,Wall R-value,Soffit R-value,Win SHGC,Window U-value,H_Pod_Shade,ERV Efficiency,Global WWR,EUI (kWh/m2),TEDI (kWh/m2),CEDI (kWh/m2),SolarGain,Elec Peak kW,EnCost ($/m2),EnCst Savings (%),SPP,Premium ($)
30,24,24,0.3,0.36,0,0.75,0.42,73.9,34.4,47.1,79,308.1,12.22701458,48%,0,$0
30,24,24,0.4,0.36,0,0.75,0.42,74.1,32,50.4,65,321.7,12.25036152,48%,24.29989636,$0
30,24,24,0.3,0.36,0,0.75,0.38,73.2,33,45.1,72,301,12.10900182,49%,16.90386546,$0
30,24,24,0.4,0.36,0,0.75,0.38,72.9,30.7,48.7,71,316.5,12.05736713,49%,0,$0
30,24,24,0.3,0.36,0.4921,0.75,0.42,74.3,35,47,79,308.2,12.28605389,48%,0,"$100,000"
30,24,24,0.4,0.36,0.4921,0.75,0.42,74.5,32.8,50.3,71,321.6,12.32664754,48%,100,"$100,000"
30,24,27,0.3,0.36,0,0.75,0.42,73.5,34.1,47.2,79,308.5,12.16025443,48%,100,"$100,000"
30,24,27,0.4,0.36,0,0.75,0.42,73.8,31.8,50.4,71,322,12.20372033,48%,100,"$100,000"
40,24,24,0.3,0.36,0,0.75,0.42,73.8,34.1,47.1,79,308.2,12.21196818,48%,0,"$100,000"
40,24,24,0.4,0.36,0,0.75,0.42,74,31.7,50.4,71,321.9,12.23752861,48%,100,"$100,000"
40,24,27,0.3,0.36,0,0.75,0.42,73.4,33.8,47.2,79,308.6,12.14523439,48%,100,"$100,000"
40,24,27,0.4,0.36,0,0.75,0.42,73.7,31.5,50.5,65,322.1,12.18978068,48%,100,"$100,000"
30,24,24,0.3,0.36,0.4921,0.75,0.38,73.6,33.6,45.1,72,301.1,12.16684217,48%,100,"$100,000"
30,24,24,0.4,0.36,0.4921,0.75,0.38,73.7,31.5,48.7,65,314.8,12.18895062,48%,43.83150643,"$100,000"
30,24,27,0.3,0.36,0,0.75,0.38,72.8,32.7,45.2,72,301.4,12.04163561,49%,37.07522517,"$100,000"
30,24,27,0.4,0.36,0,0.75,0.38,72.6,30.5,48.8,65,316.8,12.00785368,49%,45.66896501,"$100,000"
40,24,24,0.3,0.36,0,0.75,0.38,73.1,32.7,45.1,72,301.1,12.09641924,49%,32.12937619,"$100,000"
40,24,24,0.4,0.36,0,0.75,0.38,72.8,30.4,48.8,65,316.7,12.04138527,49%,55.22797983,"$100,000"
40,24,27,0.3,0.36,0,0.75,0.38,72.7,32.4,45.2,72,301.3,12.02382236,49%,47.55588526,"$100,000"
40,24,27,0.4,0.36,0,0.75,0.38,72.5,30.2,48.8,71,316.9,11.99104177,49%,100,"$100,000"
30,24,27,0.3,0.36,0.4921,0.75,0.42,73.9,34.7,47.1,79,308.5,12.22370753,48%,0,"$200,000"
30,24,27,0.4,0.36,0.4921,0.75,0.42,74.2,32.5,50.4,71,321.9,12.27636992,48%,0,"$200,000"
40,24,24,0.3,0.36,0.4921,0.75,0.42,74.2,34.7,47.1,78,308.3,12.27075716,48%,0,"$200,000"
40,24,24,0.4,0.36,0.4921,0.75,0.42,74.4,32.5,50.4,65,321.7,12.30799106,48%,100,"$200,000"
30,24,27,0.3,0.36,0.4921,0.75,0.38,73.2,33.3,45.2,72,301.4,12.10295428,49%,100,"$200,000"
30,24,27,0.4,0.36,0.4921,0.75,0.38,73.4,31.2,48.7,64,315,12.13747403,48%,100,"$200,000"
40,24,24,0.3,0.36,0.4921,0.75,0.38,73.5,33.3,45.1,72,301.2,12.1545758,48%,100,"$200,000"
40,24,24,0.4,0.36,0.4921,0.75,0.38,73.6,31.2,48.7,71,314.9,12.17290289,48%,100,"$200,000"
30,24,24,0.3,0.36,0,0.78,0.42,73.3,32.9,45.1,79,303.5,12.12490463,48%,100,"$300,000"
30,24,24,0.4,0.36,0,0.78,0.42,73.5,30.6,48.4,71,317,12.14997756,48%,100,"$300,000"
30,27,24,0.3,0.36,0,0.75,0.42,73.7,33.9,47.1,79,308.1,12.1903077,48%,100,"$300,000"
30,27,24,0.4,0.36,0,0.75,0.42,73.9,31.6,50.4,71,321.8,12.21664548,48%,100,"$300,000"
40,24,24,0.3,0.36,0,0.78,0.42,73.2,32.6,45.1,79,303.6,12.1098187,49%,100,"$300,000"
40,24,24,0.4,0.36,0,0.78,0.42,73.4,30.3,48.4,71,317.1,12.1373291,48%,100,"$300,000"
40,24,27,0.3,0.36,0.4921,0.75,0.42,73.8,34.4,47.2,78,308.6,12.20867431,48%,0,"$300,000"
40,24,27,0.4,0.36,0.4921,0.75,0.42,74.1,32.2,50.4,65,321.9,12.26020361,48%,100,"$300,000"
30,24,24,0.3,0.36,0,0.78,0.38,72.6,31.5,43.1,72,296.4,12.00819624,49%,89.54768293,"$300,000"
30,24,24,0.4,0.36,0,0.78,0.38,72.3,29.3,46.7,65,310.5,11.95801085,49%,100,"$300,000"
30,27,24,0.3,0.36,0,0.75,0.38,73,32.5,45.1,72,300.9,12.06645821,49%,100,"$300,000"
30,27,24,0.4,0.36,0,0.75,0.38,72.7,30.2,48.7,65,316.6,12.0228342,49%,100,"$300,000"
40,24,24,0.3,0.36,0,0.78,0.38,72.5,31.2,43.1,72,296.6,11.99574542,49%,95.3339025,"$300,000"
40,24,24,0.4,0.36,0,0.78,0.38,72.2,29,46.8,64,310.7,11.94185771,49%,100,"$300,000"
40,24,27,0.3,0.36,0.4921,0.75,0.38,73.1,33,45.2,72,301.5,12.08528596,49%,100,"$300,000"
40,24,27,0.4,0.36,0.4921,0.75,0.38,73.3,30.9,48.8,62,315.1,12.12439078,48%,0,"$300,000"
30,24,24,0.21,0.36,0,0.75,0.42,74.2,37.1,42.8,71,292.9,12.26484137,48%,100,"$400,000"
30,24,24,0.3,0.36,0,0.82,0.42,72.6,31.1,42.4,71,297.4,12.0001592,49%,100,"$400,000"
30,24,24,0.3,0.36,0.4921,0.78,0.42,73.7,33.5,45,79,303.6,12.18419428,48%,100,"$400,000"
30,24,24,0.4,0.36,0,0.82,0.42,72.7,28.8,45.7,79,310.7,12.02664191,49%,100,"$400,000"
30,24,24,0.4,0.36,0.4921,0.78,0.42,73.9,31.3,48.3,71,316.8,12.22676424,48%,100,"$400,000"
30,24,27,0.3,0.36,0,0.78,0.42,72.9,32.6,45.2,79,303.9,12.05992317,49%,100,"$400,000"
30,24,27,0.4,0.36,0,0.78,0.42,73.2,30.3,48.4,70,317.3,12.10386339,49%,0,"$400,000"
30,27,24,0.3,0.36,0.4921,0.75,0.42,74.1,34.6,47,78,308.2,12.24831933,48%,0,"$400,000"
30,27,24,0.4,0.36,0.4921,0.75,0.42,74.3,32.3,50.3,71,321.6,12.29677873,48%,100,"$400,000"
30,27,27,0.3,0.36,0,0.75,0.42,73.3,33.6,47.2,79,308.5,12.12441713,48%,100,"$400,000"
30,27,27,0.4,0.36,0,0.75,0.42,73.6,31.3,50.4,62,322.1,12.16910835,48%,0,"$400,000"
40,24,24,0.21,0.36,0,0.75,0.42,74.1,36.8,42.8,71,292.9,12.25071726,48%,100,"$400,000"
40,24,24,0.3,0.36,0,0.82,0.42,72.5,30.8,42.4,79,297.5,11.9847966,49%,100,"$400,000"
40,24,24,0.4,0.36,0,0.82,0.42,72.6,28.5,45.8,71,310.8,12.01411203,49%,100,"$400,000"
40,24,27,0.3,0.36,0,0.78,0.42,72.8,32.3,45.2,79,304,12.04452104,49%,100,"$400,000"
40,24,27,0.4,0.36,0,0.78,0.42,73.1,30,48.5,71,317.4,12.08922543,49%,100,"$400,000"
40,27,24,0.3,0.36,0,0.75,0.42,73.6,33.6,47.1,78,308.2,12.17690824,48%,100,"$400,000"
40,27,24,0.4,0.36,0,0.75,0.42,73.8,31.3,50.4,71,321.9,12.2070142,48%,100,"$400,000"
40,27,27,0.3,0.36,0,0.75,0.42,73.2,33.3,47.2,78,308.6,12.11133388,49%,100,"$400,000"
40,27,27,0.4,0.36,0,0.75,0.42,73.5,31,50.5,56,322.2,12.15353494,48%,100,"$400,000"
30,24,24,0.21,0.36,0,0.75,0.38,73.5,35.6,41.7,65,289,12.15631496,48%,92.75469646,"$400,000"
30,24,24,0.3,0.36,0,0.82,0.38,71.8,29.8,40.4,65,290.3,11.88280522,49%,100,"$400,000"
30,24,24,0.3,0.36,0.4921,0.78,0.38,73,32.2,43.1,72,296.5,12.06644503,49%,81.61725985,"$400,000"
30,24,24,0.4,0.36,0,0.82,0.38,71.6,27.6,44.1,72,302.1,11.83583465,50%,100,"$400,000"
30,24,24,0.4,0.36,0.4921,0.78,0.38,73.1,30.1,46.7,65,310.1,12.0875785,49%,100,"$400,000"
30,24,27,0.3,0.36,0,0.78,0.38,72.2,31.2,43.2,72,296.8,11.93956518,49%,92.19927834,"$400,000"
30,24,27,0.4,0.36,0,0.78,0.38,72,29,46.8,64,310.7,11.90872139,49%,100,"$400,000"
30,27,24,0.3,0.36,0.4921,0.75,0.38,73.3,33.1,45,71,301,12.12869916,48%,100,"$400,000"
30,27,24,0.4,0.36,0.4921,0.75,0.38,73.5,31,48.7,65,314.8,12.1518353,48%,100,"$400,000"
30,27,27,0.3,0.36,0,0.75,0.38,72.6,32.2,45.2,72,301.2,12.00050177,49%,100,"$400,000"
30,27,27,0.4,0.36,0,0.75,0.38,72.4,30,48.9,56,317.4,11.96984243,49%,100,"$400,000"
40,24,24,0.21,0.36,0,0.75,0.38,73.4,35.3,41.9,65,289.7,12.13976656,48%,98.10426094,"$400,000"
40,24,24,0.3,0.36,0,0.82,0.38,71.8,29.5,40.4,72,290.4,11.87001183,50%,86.06595398,"$400,000"
40,24,24,0.4,0.36,0,0.82,0.38,71.5,27.3,44.1,65,302.2,11.82007677,50%,100,"$400,000"
40,24,27,0.3,0.36,0,0.78,0.38,72.1,30.9,43.2,72,296.8,11.92212085,49%,96.6467845,"$400,000"
40,24,27,0.4,0.36,0,0.78,0.38,71.9,28.7,46.8,64,310.9,11.89132976,49%,100,"$400,000"
40,27,24,0.3,0.36,0,0.75,0.38,72.9,32.2,45.1,72,301,12.04968582,49%,100,"$400,000"
40,27,24,0.4,0.36,0,0.75,0.38,72.6,29.9,48.9,64,317.3,12.00332132,49%,100,"$400,000"
40,27,27,0.3,0.36,0,0.75,0.38,72.5,31.9,45.2,72,301.4,11.98494153,49%,100,"$400,000"
40,27,27,0.4,0.36,0,0.75,0.38,72.3,29.7,49,61,317.5,11.95162074,49%,0,"$400,000"
30,24,24,0.21,0.36,0.4921,0.75,0.42,74.4,37.6,42.8,71,292.9,12.30319519,48%,100,"$500,000"
30,24,24,0.3,0.36,0.4921,0.82,0.42,72.9,31.8,42.9,79,298.7,12.05989682,49%,100,"$500,000"
30,24,24,0.4,0.36,0.4921,0.82,0.42,73.2,29.6,45.7,62,310.5,12.10215058,49%,100,"$500,000"
30,24,27,0.21,0.36,0,0.75,0.42,73.8,36.7,42.9,71,293.1,12.20082173,48%,100,"$500,000"
30,24,27,0.3,0.36,0,0.82,0.42,72.2,30.8,42.5,71,297.7,11.93480883,49%,100,"$500,000"
30,24,27,0.3,0.36,0.4921,0.78,0.42,73.3,33.3,45.1,79,303.9,12.12262527,48%,100,"$500,000"
30,24,27,0.4,0.36,0,0.82,0.42,72.4,28.6,45.8,79,311,11.98159496,49%,100,"$500,000"
30,24,27,0.4,0.36,0.4921,0.78,0.42,73.6,31.1,48.4,70,317.1,12.17723762,48%,100,"$500,000"
30,27,27,0.3,0.36,0.4921,0.75,0.42,73.7,34.3,47.1,78,308.6,12.18719828,48%,0,"$500,000"
30,27,27,0.4,0.36,0.4921,0.75,0.42,74,32,50.4,61,321.9,12.24510451,48%,0,"$500,000"
40,24,24,0.21,0.36,0.4921,0.75,0.42,74.3,37.3,42.8,71,293,12.28805657,48%,100,"$500,000"
40,24,24,0.3,0.36,0.4921,0.78,0.42,73.6,33.3,45.1,78,303.7,12.16933234,48%,100,"$500,000"
40,24,24,0.4,0.36,0.4921,0.78,0.42,73.8,31,48.4,62,317,12.20859526,48%,100,"$500,000"
40,24,27,0.21,0.36,0,0.75,0.42,73.7,36.4,42.9,71,293.1,12.18597296,48%,100,"$500,000"
40,24,27,0.3,0.36,0,0.82,0.42,72.1,30.5,42.5,71,297.8,11.91864252,49%,100,"$500,000"
40,24,27,0.3,0.36,0.4921,0.78,0.42,73.2,33,45.2,79,304,12.10713091,49%,100,"$500,000"
40,24,27,0.4,0.36,0,0.82,0.42,72.4,28.3,45.8,78,311.1,11.9670097,49%,100,"$500,000"
40,24,27,0.4,0.36,0.4921,0.78,0.42,73.5,30.8,48.4,70,317.2,12.16170374,48%,0,"$500,000"
40,27,24,0.3,0.36,0.4921,0.75,0.42,74,34.3,47.1,78,308.3,12.23530195,48%,0,"$500,000"
40,27,24,0.4,0.36,0.4921,0.75,0.42,74.3,32,50.4,70,321.8,12.2815347,48%,100,"$500,000"
40,27,27,0.3,0.36,0.4921,0.75,0.42,73.6,34,47.2,78,308.7,12.17202013,48%,100,"$500,000"
40,27,27,0.4,0.36,0.4921,0.75,0.42,73.9,31.8,50.4,56,322,12.22680377,48%,100,"$500,000"
30,24,24,0.21,0.36,0.4921,0.75,0.38,73.7,36.1,41.7,65,289.1,12.19472148,48%,100,"$500,000"
30,24,24,0.3,0.36,0.4921,0.82,0.38,72.2,30.4,40.9,72,291.6,11.94067192,49%,100,"$500,000"
30,24,24,0.4,0.36,0.4921,0.82,0.38,72.3,28.3,44,56,303.8,11.96448001,49%,100,"$500,000"
30,24,27,0.21,0.36,0,0.75,0.38,73.1,35.2,42,65,289.9,12.08428463,49%,90.19147286,"$500,000"
30,24,27,0.3,0.36,0,0.82,0.38,71.4,29.4,40.5,65,290.7,11.81472753,50%,100,"$500,000"
30,24,27,0.3,0.36,0.4921,0.78,0.38,72.6,31.9,43.2,72,296.8,12.00109466,49%,84.37284212,"$500,000"
30,24,27,0.4,0.36,0,0.82,0.38,71.3,27.3,44.1,72,302.3,11.78629485,50%,100,"$500,000"
30,24,27,0.4,0.36,0.4921,0.78,0.38,72.8,29.8,46.7,64,310.3,12.0371823,49%,100,"$500,000"
30,27,27,0.3,0.36,0.4921,0.75,0.38,72.9,32.8,45.1,71,301.3,12.0642579,49%,100,"$500,000"
30,27,27,0.4,0.36,0.4921,0.75,0.38,73.1,30.7,48.9,55,315.7,12.09778949,49%,100,"$500,000"
40,24,24,0.21,0.36,0.4921,0.75,0.38,73.6,35.8,41.7,64,289.1,12.17900314,48%,100,"$500,000"
40,24,24,0.3,0.36,0.4921,0.78,0.38,72.9,31.9,43.1,72,296.6,12.05316415,49%,100,"$500,000"
40,24,24,0.4,0.36,0.4921,0.78,0.38,73,29.7,46.7,56,310.2,12.07101692,49%,100,"$500,000"
40,24,27,0.21,0.36,0,0.75,0.38,73,34.9,42,65,290,12.07075341,49%,94.07619479,"$500,000"
40,24,27,0.3,0.36,0,0.82,0.38,71.3,29.1,40.5,64,290.6,11.7988379,50%,100,"$500,000"
40,24,27,0.3,0.36,0.4921,0.78,0.38,72.5,31.6,43.2,72,296.9,11.98412465,49%,87.9036279,"$500,000"
40,24,27,0.4,0.36,0,0.82,0.38,71.2,27,44.2,72,302.4,11.76877146,50%,100,"$500,000"
40,24,27,0.4,0.36,0.4921,0.78,0.38,72.7,29.5,46.8,64,310.4,12.02344027,49%,100,"$500,000"
40,27,24,0.3,0.36,0.4921,0.75,0.38,73.2,32.8,45.1,71,301.1,12.11386358,48%,100,"$500,000"
40,27,24,0.4,0.36,0.4921,0.75,0.38,73.4,30.7,48.7,64,314.9,12.13869935,48%,100,"$500,000"
40,27,27,0.3,0.36,0.4921,0.75,0.38,72.8,32.5,45.2,71,301.4,12.04861861,49%,100,"$500,000"
40,27,27,0.4,0.36,0.4921,0.75,0.38,73.1,30.4,48.9,61,315.8,12.08582616,49%,0,"$500,000"
30,24,27,0.21,0.36,0.4921,0.75,0.42,74,37.2,42.8,71,293.1,12.23839819,48%,100,"$600,000"
30,24,27,0.3,0.36,0.4921,0.82,0.42,72.5,31.5,43,79,299,11.99723425,49%,100,"$600,000"
30,24,27,0.4,0.36,0.4921,0.82,0.42,72.9,29.3,45.7,71,310.8,12.05321685,49%,100,"$600,000"
30,27,24,0.3,0.36,0,0.78,0.42,73.1,32.4,45.1,79,303.5,12.08831632,49%,100,"$600,000"
30,27,24,0.4,0.36,0,0.78,0.42,73.3,30.1,48.4,71,317.1,12.11677536,48%,100,"$600,000"
40,24,24,0.3,0.36,0.4921,0.82,0.42,72.8,31.5,42.9,78,298.8,12.04540379,49%,100,"$600,000"
40,24,24,0.4,0.36,0.4921,0.82,0.42,73.1,29.3,45.7,61,310.6,12.08303296,49%,100,"$600,000"
40,24,27,0.21,0.36,0.4921,0.75,0.42,73.9,36.9,42.9,71,293.1,12.22353625,48%,100,"$600,000"
40,24,27,0.3,0.36,0.4921,0.82,0.42,72.4,31.2,43,78,299.1,11.98258312,49%,100,"$600,000"
40,24,27,0.4,0.36,0.4921,0.82,0.42,72.8,29,45.8,71,310.9,12.03670798,49%,100,"$600,000"
40,27,24,0.3,0.36,0,0.78,0.42,73,32.2,45.1,78,303.6,12.074627,49%,100,"$600,000"
40,27,24,0.4,0.36,0,0.78,0.42,73.2,29.9,48.4,56,317.2,12.10649848,49%,100,"$600,000"
30,24,27,0.21,0.36,0.4921,0.75,0.38,73.3,35.7,42,65,290,12.12607724,48%,100,"$600,000"
30,24,27,0.3,0.36,0.4921,0.82,0.38,71.8,30.1,41,72,291.9,11.87666545,50%,100,"$600,000"
30,24,27,0.4,0.36,0.4921,0.82,0.38,72,28,44,65,304.1,11.91300342,49%,100,"$600,000"
30,27,24,0.3,0.36,0,0.78,0.38,72.3,31,43.1,72,296.3,11.96525736,49%,100,"$600,000"
30,27,24,0.4,0.36,0,0.78,0.38,72.1,28.8,46.7,64,310.6,11.92342522,49%,100,"$600,000"
40,24,24,0.3,0.36,0.4921,0.82,0.38,72.1,30.1,40.9,72,291.8,11.9275755,49%,100,"$600,000"
40,24,24,0.4,0.36,0.4921,0.82,0.38,72.2,28,44,55,304,11.94820829,49%,100,"$600,000"
40,24,27,0.21,0.36,0.4921,0.75,0.38,73.2,35.4,42,64,290,12.11232204,48%,100,"$600,000"
40,24,27,0.3,0.36,0.4921,0.82,0.38,71.7,29.8,41,72,292.1,11.86047279,50%,100,"$600,000"
40,24,27,0.4,0.36,0.4921,0.82,0.38,71.9,27.7,44.1,64,304.2,11.89870802,49%,100,"$600,000"
40,27,24,0.3,0.36,0,0.78,0.38,72.2,30.7,43.1,72,296.5,11.94943361,49%,100,"$600,000"
40,27,24,0.4,0.36,0,0.78,0.38,72,28.5,46.9,62,311.4,11.90421537,49%,100,"$600,000"
30,24,24,0.21,0.36,0,0.78,0.42,73.5,35.6,40.8,58,288.4,12.16287635,48%,100,"$700,000"
30,24,24,0.3,0.24,0,0.75,0.42,70.9,26.6,47.1,64,309.8,11.73232809,50%,100,"$700,000"
30,24,24,0.4,0.24,0,0.75,0.42,71.2,24.6,50.4,62,323.5,11.77446327,50%,100,"$700,000"
30,24,27,0.21,0.36,0,0.78,0.42,73.2,35.3,40.8,61,288.6,12.09927832,49%,100,"$700,000"
30,27,24,0.21,0.36,0,0.75,0.42,73.9,36.6,42.8,71,293,12.22605277,48%,100,"$700,000"
30,27,24,0.3,0.36,0,0.82,0.42,72.3,30.7,42.4,70,297.3,11.96235876,49%,100,"$700,000"
30,27,24,0.3,0.36,0.4921,0.78,0.42,73.4,33.1,45,79,303.6,12.14728976,48%,100,"$700,000"
30,27,24,0.4,0.36,0,0.82,0.42,72.5,28.4,45.7,78,310.8,11.9939272,49%,100,"$700,000"
30,27,24,0.4,0.36,0.4921,0.78,0.42,73.7,30.9,48.3,61,316.9,12.19784407,48%,100,"$700,000"
30,27,27,0.21,0.36,0,0.75,0.42,73.5,36.3,42.9,71,293.1,12.16248109,48%,100,"$700,000"
30,27,27,0.3,0.36,0,0.78,0.42,72.7,32.2,45.2,79,303.9,12.02311089,49%,100,"$700,000"
30,27,27,0.4,0.36,0,0.78,0.42,73,29.9,48.5,62,317.3,12.06877709,49%,100,"$700,000"
40,24,24,0.21,0.36,0,0.78,0.42,73.4,35.3,40.8,61,288.4,12.14855461,48%,100,"$700,000"
40,27,24,0.21,0.36,0,0.75,0.42,73.8,36.3,42.8,71,293,12.2124425,48%,100,"$700,000"
40,27,24,0.3,0.36,0,0.82,0.42,72.2,30.4,42.4,70,297.5,11.94886707,49%,100,"$700,000"
40,27,24,0.3,0.36,0.4921,0.78,0.42,73.4,32.8,45.1,78,303.7,12.13469401,48%,100,"$700,000"
40,27,24,0.4,0.36,0,0.82,0.42,72.5,28.1,45.8,78,310.9,11.98329459,49%,100,"$700,000"
40,27,24,0.4,0.36,0.4921,0.78,0.42,73.7,30.6,48.4,71,317.1,12.18204667,48%,100,"$700,000"
40,27,27,0.3,0.36,0,0.78,0.42,72.6,31.9,45.2,78,304,12.0097246,49%,100,"$700,000"
40,27,27,0.4,0.36,0,0.78,0.42,72.9,29.6,48.5,56,317.5,12.0532959,49%,100,"$700,000"
30,24,24,0.21,0.36,0,0.78,0.38,72.9,34.1,39.7,53,284.6,12.05595735,49%,100,"$700,000"
30,24,24,0.3,0.24,0,0.75,0.38,70.4,25.8,45.5,59,303.9,11.64405239,50%,100,"$700,000"
30,24,24,0.4,0.24,0,0.75,0.38,70.5,23.9,49,56,317.6,11.66208962,50%,100,"$700,000"
30,24,27,0.21,0.36,0,0.78,0.38,72.5,33.7,40,56,285.4,11.9854949,49%,100,"$700,000"
30,27,24,0.21,0.36,0,0.75,0.38,73.3,35.1,41.9,65,289.8,12.12253304,48%,100,"$700,000"
30,27,24,0.3,0.36,0,0.82,0.38,71.6,29.3,40.4,64,290.2,11.84124977,50%,100,"$700,000"
30,27,24,0.3,0.36,0.4921,0.78,0.38,72.7,31.7,43,72,296.4,12.02753785,49%,100,"$700,000"
30,27,24,0.4,0.36,0,0.82,0.38,71.4,27.1,44.1,71,302.1,11.80138077,50%,100,"$700,000"
30,27,24,0.4,0.36,0.4921,0.78,0.38,72.9,29.5,46.7,56,310.1,12.05096385,49%,100,"$700,000"
30,27,27,0.21,0.36,0,0.75,0.38,72.8,34.7,42.1,65,290.4,12.042716,49%,100,"$700,000"
30,27,27,0.3,0.36,0,0.78,0.38,71.9,30.7,43.2,72,296.7,11.89920869,49%,100,"$700,000"
30,27,27,0.4,0.36,0,0.78,0.38,71.8,28.5,47,56,311.4,11.87043345,50%,100,"$700,000"
40,24,24,0.21,0.36,0,0.78,0.38,72.8,33.8,39.9,56,285.3,12.04030488,49%,100,"$700,000"
40,27,24,0.21,0.36,0,0.75,0.38,73.2,34.8,41.9,64,289.8,12.10794779,49%,100,"$700,000"
40,27,24,0.3,0.36,0,0.82,0.38,71.5,29,40.4,64,290.4,11.8249517,50%,100,"$700,000"
40,27,24,0.3,0.36,0.4921,0.78,0.38,72.6,31.4,43.1,72,296.5,12.0124124,49%,100,"$700,000"
40,27,24,0.4,0.36,0,0.82,0.38,71.2,26.8,44.3,71,302.9,11.78231585,50%,100,"$700,000"
40,27,24,0.4,0.36,0.4921,0.78,0.38,72.8,29.3,46.7,64,310.2,12.03743263,49%,100,"$700,000"
40,27,27,0.3,0.36,0,0.78,0.38,71.8,30.4,43.2,72,296.8,11.88337177,49%,100,"$700,000"
40,27,27,0.4,0.36,0,0.78,0.38,71.7,28.2,47,62,311.5,11.85205366,50%,100,"$700,000"
30,24,24,0.21,0.36,0,0.82,0.42,72.8,33.8,38.6,61,283.7,12.0360492,49%,100,"$800,000"
30,24,24,0.21,0.36,0.4921,0.78,0.42,73.8,36.1,41.2,58,289.6,12.20249501,48%,100,"$800,000"
30,24,24,0.3,0.24,0.4921,0.75,0.42,71.3,27.2,47,64,309.8,11.79823183,50%,100,"$800,000"
30,24,24,0.4,0.24,0.4921,0.75,0.42,71.6,25.3,50.3,62,323.2,11.84684934,50%,100,"$800,000"
30,24,27,0.21,0.36,0,0.82,0.42,72.4,33.4,38.7,61,283.8,11.97291232,49%,100,"$800,000"
30,24,27,0.21,0.36,0.4921,0.78,0.42,73.4,35.7,41.3,58,289.7,12.13776389,48%,100,"$800,000"
30,24,27,0.3,0.24,0,0.75,0.42,70.6,26.3,47.3,64,310.7,11.6739739,50%,100,"$800,000"
30,24,27,0.4,0.24,0,0.75,0.42,70.9,24.4,50.4,61,323.8,11.72776938,50%,0,"$800,000"
30,27,24,0.21,0.36,0.4921,0.75,0.42,74.2,37.1,42.8,70,293,12.26650148,48%,100,"$800,000"
30,27,24,0.3,0.36,0.4921,0.82,0.42,72.7,31.3,42.9,78,298.7,12.02284738,49%,100,"$800,000"
30,27,24,0.4,0.36,0.4921,0.82,0.42,73,29.1,45.7,71,310.6,12.07286149,49%,100,"$800,000"
30,27,27,0.3,0.36,0,0.82,0.42,71.9,30.4,42.5,70,297.7,11.89783844,49%,100,"$800,000"
30,27,27,0.3,0.36,0.4921,0.78,0.42,73.1,32.8,45.1,79,303.9,12.08554947,49%,100,"$800,000"
30,27,27,0.4,0.36,0,0.82,0.42,72.2,28.1,45.8,78,311,11.94708838,49%,100,"$800,000"
30,27,27,0.4,0.36,0.4921,0.78,0.42,73.4,30.6,48.4,62,317.2,12.14499723,48%,100,"$800,000"
40,24,24,0.21,0.36,0,0.82,0.42,72.7,33.5,38.6,61,283.7,12.02320311,49%,100,"$800,000"
40,24,24,0.21,0.36,0.4921,0.78,0.42,73.7,35.8,41.2,58,289.6,12.18822597,48%,100,"$800,000"
40,24,24,0.3,0.24,0,0.75,0.42,70.9,26.3,47.3,64,310.5,11.71924484,50%,100,"$800,000"
40,24,24,0.4,0.24,0,0.75,0.42,71.1,24.3,50.4,62,323.7,11.7580071,50%,100,"$800,000"
40,24,27,0.21,0.36,0,0.78,0.42,73.1,35,40.9,58,288.6,12.08406065,49%,100,"$800,000"
40,24,27,0.3,0.24,0,0.75,0.42,70.5,26,47.3,64,310.8,11.65688531,50%,100,"$800,000"
40,24,27,0.4,0.24,0,0.75,0.42,70.8,24.1,50.5,61,323.9,11.71164259,50%,0,"$800,000"
40,27,24,0.21,0.36,0.4921,0.75,0.42,74.1,36.8,42.8,70,293,12.25249595,48%,100,"$800,000"
40,27,24,0.3,0.36,0.4921,0.82,0.42,72.6,31,42.9,78,298.8,12.00998811,49%,100,"$800,000"
40,27,24,0.4,0.36,0.4921,0.82,0.42,72.9,28.8,45.7,61,310.7,12.05703774,49%,100,"$800,000"
40,27,27,0.21,0.36,0,0.75,0.42,73.4,36,42.9,71,293.2,12.14668369,48%,100,"$800,000"
40,27,27,0.3,0.36,0,0.82,0.42,71.9,30.1,42.5,70,297.8,11.88449168,49%,100,"$800,000"
40,27,27,0.3,0.36,0.4921,0.78,0.42,73,32.5,45.2,78,304.1,12.07106962,49%,100,"$800,000"
40,27,27,0.4,0.36,0,0.82,0.42,72.1,27.8,45.8,78,311.1,11.93094842,49%,100,"$800,000"
40,27,27,0.4,0.36,0.4921,0.78,0.42,73.3,30.3,48.4,56,317.3,12.12756607,48%,100,"$800,000"
30,24,24,0.21,0.36,0,0.82,0.38,72.1,32.3,37.5,56,280,11.92927513,49%,100,"$800,000"
30,24,24,0.21,0.36,0.4921,0.78,0.38,73.1,34.6,40.1,53,285.7,12.09395543,49%,100,"$800,000"
30,24,24,0.3,0.24,0.4921,0.75,0.38,70.8,26.5,45.4,59,304,11.70878351,50%,100,"$800,000"
30,24,24,0.4,0.24,0.4921,0.75,0.38,71,24.6,48.9,56,317.3,11.73816483,50%,100,"$800,000"
30,24,27,0.21,0.36,0,0.82,0.38,71.7,32,37.8,56,280.8,11.86177716,50%,100,"$800,000"
30,24,27,0.21,0.36,0.4921,0.78,0.38,72.7,34.2,40.4,53,286.6,12.02657604,49%,99.19287338,"$800,000"
30,24,27,0.3,0.24,0,0.75,0.38,70,25.6,45.6,59,304.2,11.58402492,51%,100,"$800,000"
30,24,27,0.4,0.24,0,0.75,0.38,70.2,23.6,49,55,317.9,11.61742475,51%,100,"$800,000"
30,27,24,0.21,0.36,0.4921,0.75,0.38,73.5,35.6,41.9,64,289.8,12.16333749,48%,100,"$800,000"
30,27,24,0.3,0.36,0.4921,0.82,0.38,72,29.9,40.8,71,291.5,11.90292418,49%,100,"$800,000"
30,27,24,0.4,0.36,0.4921,0.82,0.38,72.1,27.8,44,65,303.9,11.92733834,49%,100,"$800,000"
30,27,27,0.3,0.36,0,0.82,0.38,71.2,28.9,40.5,64,290.5,11.77475313,50%,100,"$800,000"
30,27,27,0.3,0.36,0.4921,0.78,0.38,72.3,31.4,43.1,72,296.7,11.96279355,49%,100,"$800,000"
30,27,27,0.4,0.36,0,0.82,0.38,71,26.8,44.3,71,302.9,11.74821772,50%,100,"$800,000"
30,27,27,0.4,0.36,0.4921,0.78,0.38,72.5,29.3,46.9,56,311,11.99766904,49%,100,"$800,000"
40,24,24,0.21,0.36,0,0.82,0.38,72,32,37.7,55,280.6,11.91404428,49%,100,"$800,000"
40,24,24,0.21,0.36,0.4921,0.78,0.38,73,34.3,40.1,53,285.7,12.07850059,49%,100,"$800,000"
40,24,24,0.3,0.24,0,0.75,0.38,70.3,25.5,45.5,59,304,11.62729318,51%,100,"$800,000"
40,24,24,0.4,0.24,0,0.75,0.38,70.4,23.6,49,56,317.7,11.64717498,50%,100,"$800,000"
40,24,27,0.21,0.36,0,0.78,0.38,72.4,33.5,40,53,285.5,11.97196368,49%,100,"$800,000"
40,24,27,0.3,0.24,0,0.75,0.38,69.9,25.3,45.6,59,304.3,11.56730523,51%,100,"$800,000"
40,24,27,0.4,0.24,0,0.75,0.38,70.2,23.4,49.1,55,318,11.6035378,51%,100,"$800,000"
40,27,24,0.21,0.36,0.4921,0.75,0.38,73.5,35.3,41.9,64,289.8,12.14902893,48%,100,"$800,000"
40,27,24,0.3,0.36,0.4921,0.82,0.38,71.9,29.6,40.9,71,291.6,11.88703455,49%,100,"$800,000"
40,27,24,0.4,0.36,0.4921,0.82,0.38,72,27.5,44.1,56,304,11.91471623,49%,100,"$800,000"
40,27,27,0.21,0.36,0,0.75,0.38,72.7,34.4,42.1,64,290.3,12.03212291,49%,100,"$800,000"
40,27,27,0.3,0.36,0,0.82,0.38,71.1,28.7,40.5,64,290.7,11.76051044,50%,100,"$800,000"
40,27,27,0.3,0.36,0.4921,0.78,0.38,72.2,31.1,43.2,72,296.8,11.94617927,49%,100,"$800,000"
40,27,27,0.4,0.36,0,0.82,0.38,70.9,26.5,44.3,71,303.1,11.72962712,50%,100,"$800,000"
40,27,27,0.4,0.36,0.4921,0.78,0.38,72.5,29,46.9,61,311.1,11.985653,49%,100,"$800,000"
30,24,24,0.21,0.36,0.4921,0.82,0.42,73,34.3,38.6,61,283.7,12.07637934,49%,100,"$900,000"
30,24,27,0.21,0.36,0.4921,0.82,0.42,72.6,33.9,38.6,57,283.9,12.01164822,49%,100,"$900,000"
30,24,27,0.3,0.24,0.4921,0.75,0.42,71,27,47.2,64,310.7,11.73899488,50%,100,"$900,000"
30,24,27,0.4,0.24,0.4921,0.75,0.42,71.3,25.1,50.3,61,323.5,11.79979971,50%,100,"$900,000"
30,27,24,0.21,0.36,0,0.78,0.42,73.3,35.1,40.8,61,288.5,12.12450936,48%,100,"$900,000"
30,27,27,0.21,0.36,0.4921,0.75,0.42,73.8,36.8,42.9,70,293.2,12.20182306,48%,100,"$900,000"
30,27,27,0.3,0.36,0.4921,0.82,0.42,72.3,31,43,78,299.1,11.9615814,49%,100,"$900,000"
30,27,27,0.4,0.36,0.4921,0.82,0.42,72.7,28.9,45.7,61,310.8,12.02253116,49%,100,"$900,000"
40,24,24,0.21,0.36,0.4921,0.82,0.42,72.9,34,38.6,57,283.7,12.06172821,49%,100,"$900,000"
40,24,24,0.3,0.24,0.4921,0.75,0.42,71.2,26.9,47.2,63,310.5,11.78362023,50%,100,"$900,000"
40,24,24,0.4,0.24,0.4921,0.75,0.42,71.5,25,50.3,62,323.3,11.83006379,50%,100,"$900,000"
40,24,27,0.21,0.36,0,0.82,0.42,72.3,33.1,38.7,61,283.9,11.95939428,49%,100,"$900,000"
40,24,27,0.21,0.36,0.4921,0.78,0.42,73.3,35.4,41.3,61,289.8,12.12251986,48%,100,"$900,000"
40,27,27,0.21,0.36,0.4921,0.75,0.42,73.7,36.5,42.9,70,293.2,12.18871346,48%,100,"$900,000"
40,27,27,0.3,0.36,0.4921,0.82,0.42,72.2,30.7,43,78,299.2,11.94661406,49%,100,"$900,000"
40,27,27,0.4,0.36,0.4921,0.82,0.42,72.6,28.6,45.8,56,311,12.00312369,49%,100,"$900,000"
30,24,24,0.21,0.36,0.4921,0.82,0.38,72.4,32.8,37.5,56,280,11.96798469,49%,100,"$900,000"
30,24,27,0.21,0.36,0.4921,0.82,0.38,72,32.4,37.8,53,280.9,11.90297688,49%,100,"$900,000"
30,24,27,0.3,0.24,0.4921,0.75,0.38,70.4,26.2,45.5,59,304.3,11.64530406,50%,100,"$900,000"
30,24,27,0.4,0.24,0.4921,0.75,0.38,70.7,24.4,48.9,56,317.6,11.69199796,50%,100,"$900,000"
30,27,24,0.21,0.36,0,0.78,0.38,72.7,33.6,39.9,55,285.3,12.02160888,49%,100,"$900,000"
30,27,27,0.21,0.36,0.4921,0.75,0.38,73.1,35.2,42,64,290,12.08525961,49%,100,"$900,000"
30,27,27,0.3,0.36,0.4921,0.82,0.38,71.6,29.6,40.9,71,291.8,11.83978729,50%,100,"$900,000"
30,27,27,0.4,0.36,0.4921,0.82,0.38,71.8,27.5,44.2,55,304.7,11.87422799,50%,100,"$900,000"
40,24,24,0.21,0.36,0.4921,0.82,0.38,72.3,32.5,37.5,53,280,11.95476968,49%,100,"$900,000"
40,24,24,0.3,0.24,0.4921,0.75,0.38,70.7,26.2,45.4,59,304,11.69143141,50%,100,"$900,000"
40,24,24,0.4,0.24,0.4921,0.75,0.38,70.9,24.3,48.9,56,317.5,11.7216296,50%,100,"$900,000"
40,24,27,0.21,0.36,0,0.82,0.38,71.6,31.7,37.8,55,280.8,11.84601929,50%,100,"$900,000"
40,24,27,0.21,0.36,0.4921,0.78,0.38,72.6,33.9,40.4,55,286.6,12.01378265,49%,100,"$900,000"
40,27,27,0.21,0.36,0.4921,0.75,0.38,73,34.9,42.1,64,290.4,12.07092469,49%,100,"$900,000"
40,27,27,0.3,0.36,0.4921,0.82,0.38,71.5,29.3,41,71,291.9,11.82368685,50%,100,"$900,000"
40,27,27,0.4,0.36,0.4921,0.82,0.38,71.7,27.3,44.2,58,304.8,11.86246229,50%,100,"$900,000"
30,24,24,0.3,0.24,0,0.78,0.42,70.3,25.2,45.1,64,304.4,11.63367012,51%,100,"$1,000,000"
30,24,24,0.4,0.24,0,0.78,0.42,70.6,23.3,48.4,61,317.2,11.67685933,50%,100,"$1,000,000"
30,27,24,0.21,0.36,0,0.82,0.42,72.5,33.3,38.6,57,283.7,11.99943455,49%,100,"$1,000,000"
30,27,24,0.3,0.24,0,0.75,0.42,70.7,26.2,47.2,63,310.4,11.70074647,50%,100,"$1,000,000"
30,27,24,0.4,0.24,0,0.75,0.42,71,24.2,50.5,61,324.1,11.74079992,50%,100,"$1,000,000"
30,27,27,0.21,0.36,0,0.78,0.42,72.9,34.8,40.9,58,288.6,12.06109579,49%,100,"$1,000,000"
40,24,24,0.3,0.24,0,0.78,0.42,70.3,24.9,45.3,64,305.2,11.62046829,51%,100,"$1,000,000"
40,24,24,0.4,0.24,0,0.78,0.42,70.5,23,48.4,61,317.3,11.66082478,50%,100,"$1,000,000"
40,24,27,0.21,0.36,0.4921,0.82,0.42,72.5,33.6,38.7,57,283.9,11.99628561,49%,100,"$1,000,000"
40,24,27,0.3,0.24,0.4921,0.75,0.42,70.9,26.7,47.3,63,310.8,11.72193264,50%,100,"$1,000,000"
40,24,27,0.4,0.24,0.4921,0.75,0.42,71.3,24.8,50.4,61,323.6,11.7857283,50%,100,"$1,000,000"
40,27,24,0.21,0.36,0,0.78,0.42,73.2,34.8,40.8,53,288.5,12.11049065,49%,100,"$1,000,000"
30,24,24,0.3,0.24,0,0.78,0.38,69.8,24.5,43.5,59,298.2,11.54472247,51%,100,"$1,000,000"
30,24,24,0.4,0.24,0,0.78,0.38,69.9,22.5,47,56,311.5,11.56464379,51%,100,"$1,000,000"
30,27,24,0.21,0.36,0,0.82,0.38,71.9,31.8,37.7,53,280.7,11.89529558,49%,100,"$1,000,000"
30,27,24,0.3,0.24,0,0.75,0.38,70.2,25.4,45.5,59,304,11.60861036,51%,100,"$1,000,000"
30,27,24,0.4,0.24,0,0.75,0.38,70.3,23.4,48.9,56,317.4,11.62414425,51%,100,"$1,000,000"
30,27,27,0.21,0.36,0,0.78,0.38,72.2,33.2,40.1,53,285.9,11.94296445,49%,100,"$1,000,000"
40,24,24,0.3,0.24,0,0.78,0.38,69.7,24.2,43.5,59,298.3,11.52747577,51%,100,"$1,000,000"
40,24,24,0.4,0.24,0,0.78,0.38,69.8,22.2,47,55,311.6,11.5491099,51%,100,"$1,000,000"
40,24,27,0.21,0.36,0.4921,0.82,0.38,71.9,32.2,37.8,53,280.9,11.88887912,49%,100,"$1,000,000"
40,24,27,0.3,0.24,0.4921,0.75,0.38,70.3,25.9,45.6,59,304.4,11.62922998,51%,100,"$1,000,000"
40,24,27,0.4,0.24,0.4921,0.75,0.38,70.6,24.1,49,56,317.7,11.67364451,50%,100,"$1,000,000"
40,27,24,0.21,0.36,0,0.78,0.38,72.6,33.3,39.9,50,285.3,12.00794591,49%,100,"$1,000,000"
30,24,24,0.21,0.24,0,0.75,0.42,71,29,43.3,58,296.2,11.74672889,50%,100,"$1,100,000"
30,24,24,0.3,0.24,0,0.82,0.42,69.6,23.5,42.4,58,295.6,11.51071656,51%,100,"$1,100,000"
30,24,24,0.3,0.24,0.4921,0.78,0.42,70.7,25.8,45,64,304.3,11.69974514,50%,100,"$1,100,000"
30,24,24,0.4,0.24,0,0.82,0.42,69.9,21.6,45.7,64,308.8,11.55810875,51%,100,"$1,100,000"
30,24,24,0.4,0.24,0.4921,0.78,0.42,71,24,48.3,58,316.8,11.74974607,50%,100,"$1,100,000"
30,24,27,0.3,0.24,0,0.78,0.42,70,24.9,45.3,64,305.1,11.57467033,51%,100,"$1,100,000"
30,24,27,0.4,0.24,0,0.78,0.42,70.3,23,48.4,61,317.4,11.63100867,51%,100,"$1,100,000"
30,27,24,0.21,0.36,0.4921,0.78,0.42,73.5,35.6,41.3,57,289.6,12.16432566,48%,100,"$1,100,000"
30,27,24,0.3,0.24,0.4921,0.75,0.42,71.1,26.8,47.2,63,310.4,11.76455531,50%,100,"$1,100,000"
30,27,24,0.4,0.24,0.4921,0.75,0.42,71.4,24.9,50.4,61,323.8,11.81122285,50%,100,"$1,100,000"
30,27,27,0.21,0.36,0,0.82,0.42,72.2,33,38.7,61,283.9,11.93487471,49%,100,"$1,100,000"
30,27,27,0.21,0.36,0.4921,0.78,0.42,73.2,35.3,41.3,57,289.8,12.10054317,49%,100,"$1,100,000"
30,27,27,0.3,0.24,0,0.75,0.42,70.4,25.9,47.4,63,311,11.63847917,51%,100,"$1,100,000"
30,27,27,0.4,0.24,0,0.75,0.42,70.7,23.9,50.6,50,324.4,11.69193208,50%,100,"$1,100,000"
40,24,24,0.21,0.24,0,0.75,0.42,70.9,28.7,43.3,58,296.3,11.73319767,50%,100,"$1,100,000"
40,24,24,0.3,0.24,0,0.82,0.42,69.5,23.3,42.6,64,296.4,11.49763331,51%,100,"$1,100,000"
40,24,24,0.4,0.24,0,0.82,0.42,69.8,21.4,45.8,58,308.9,11.54161305,51%,100,"$1,100,000"
40,24,27,0.3,0.24,0,0.78,0.42,69.9,24.6,45.3,64,305.3,11.55772666,51%,100,"$1,100,000"
40,24,27,0.4,0.24,0,0.78,0.42,70.2,22.7,48.5,61,317.5,11.61469743,51%,100,"$1,100,000"
40,27,24,0.21,0.36,0,0.82,0.42,72.5,33,38.6,61,283.7,11.98569253,49%,100,"$1,100,000"
40,27,24,0.21,0.36,0.4921,0.78,0.42,73.5,35.3,41.3,57,289.7,12.15018837,48%,100,"$1,100,000"
40,27,24,0.3,0.24,0,0.75,0.42,70.6,25.9,47.3,63,310.6,11.68315721,50%,100,"$1,100,000"
40,27,24,0.4,0.24,0,0.75,0.42,70.9,23.9,50.5,61,324.2,11.72462044,50%,100,"$1,100,000"
40,27,27,0.21,0.36,0,0.78,0.42,72.8,34.5,40.9,57,288.7,12.04568048,49%,100,"$1,100,000"
40,27,27,0.3,0.24,0,0.75,0.42,70.3,25.6,47.4,63,311.2,11.61982269,51%,100,"$1,100,000"
40,27,27,0.4,0.24,0,0.75,0.42,70.6,23.7,50.6,46,324.5,11.6774654,50%,100,"$1,100,000"
30,24,24,0.21,0.24,0,0.75,0.38,70.6,28.1,42,53,291.9,11.67583164,50%,100,"$1,100,000"
30,24,24,0.3,0.24,0,0.82,0.38,69.1,22.8,40.8,53,289.6,11.42427225,51%,100,"$1,100,000"
30,24,24,0.3,0.24,0.4921,0.78,0.38,70.2,25.1,43.4,59,298.2,11.60962487,51%,100,"$1,100,000"
30,24,24,0.4,0.24,0,0.82,0.38,69.2,20.9,44.3,59,303,11.4456824,51%,100,"$1,100,000"
30,24,24,0.4,0.24,0.4921,0.78,0.38,70.4,23.3,46.9,53,311.2,11.63986259,51%,100,"$1,100,000"
30,24,27,0.3,0.24,0,0.78,0.38,69.4,24.2,43.6,59,298.6,11.48468181,51%,100,"$1,100,000"
30,24,27,0.4,0.24,0,0.78,0.38,69.7,22.3,47,55,311.7,11.5202029,51%,100,"$1,100,000"
30,27,24,0.21,0.36,0.4921,0.78,0.38,72.9,34.1,40.3,53,286.4,12.06212347,49%,100,"$1,100,000"
30,27,24,0.3,0.24,0.4921,0.75,0.38,70.6,26,45.4,58,304,11.6731175,50%,100,"$1,100,000"
30,27,24,0.4,0.24,0.4921,0.75,0.38,70.8,24.1,48.8,56,317.2,11.70587173,50%,100,"$1,100,000"
30,27,27,0.21,0.36,0,0.82,0.38,71.5,31.4,37.8,55,280.8,11.81990549,50%,100,"$1,100,000"
30,27,27,0.21,0.36,0.4921,0.78,0.38,72.5,33.7,39.9,53,285.5,11.98446721,49%,100,"$1,100,000"
30,27,27,0.3,0.24,0,0.75,0.38,69.8,25.1,45.6,59,304.3,11.54523631,51%,100,"$1,100,000"
30,27,27,0.4,0.24,0,0.75,0.38,70,23.2,49.1,46,318.2,11.57756893,51%,100,"$1,100,000"
40,24,24,0.21,0.24,0,0.75,0.38,70.5,27.8,42.3,53,292.6,11.66062714,50%,100,"$1,100,000"
40,24,24,0.3,0.24,0,0.82,0.38,69,22.5,40.8,59,289.7,11.40757892,51%,100,"$1,100,000"
40,24,24,0.4,0.24,0,0.82,0.38,69.1,20.6,44.3,53,303.2,11.43097857,51%,100,"$1,100,000"
40,24,27,0.3,0.24,0,0.78,0.38,69.3,23.9,43.6,59,298.7,11.4677118,51%,100,"$1,100,000"
40,24,27,0.4,0.24,0,0.78,0.38,69.6,22,47.1,56,311.9,11.50631595,51%,100,"$1,100,000"
40,27,24,0.21,0.36,0,0.82,0.38,71.8,31.5,37.7,55,280.7,11.87986709,49%,100,"$1,100,000"
40,27,24,0.21,0.36,0.4921,0.78,0.38,72.8,33.8,39.9,53,285.3,12.04714296,49%,100,"$1,100,000"
40,27,24,0.3,0.24,0,0.75,0.38,70.1,25.1,45.5,58,304.1,11.59102109,51%,100,"$1,100,000"
40,27,24,0.4,0.24,0,0.75,0.38,70.2,23.1,49,56,317.6,11.60994108,51%,100,"$1,100,000"
40,27,27,0.21,0.36,0,0.78,0.38,72.1,32.9,40.1,53,285.9,11.93221326,49%,100,"$1,100,000"
40,27,27,0.3,0.24,0,0.75,0.38,69.7,24.8,45.8,58,304.9,11.52879331,51%,100,"$1,100,000"
40,27,27,0.4,0.24,0,0.75,0.38,69.9,22.9,49.2,50,318.3,11.56182424,51%,100,"$1,100,000"
30,24,24,0.21,0.24,0.4921,0.75,0.42,71.3,29.5,43.3,58,296.2,11.78539892,50%,100,"$1,200,000"
30,24,24,0.3,0.24,0.4921,0.82,0.42,70,24.2,42.3,64,295.6,11.57750305,51%,100,"$1,200,000"
30,24,24,0.4,0.24,0.4921,0.82,0.42,70.3,22.4,45.6,50,308.5,11.62974382,51%,100,"$1,200,000"
30,24,27,0.21,0.24,0,0.75,0.42,70.6,28.7,43.4,58,296.5,11.68187919,50%,100,"$1,200,000"
30,24,27,0.3,0.24,0,0.82,0.42,69.2,23.3,42.6,57,296.5,11.45198028,51%,100,"$1,200,000"
30,24,27,0.3,0.24,0.4921,0.78,0.42,70.4,25.6,45.2,64,305.2,11.63959908,51%,100,"$1,200,000"
30,24,27,0.4,0.24,0,0.82,0.42,69.6,21.4,45.8,64,309.1,11.51236349,51%,100,"$1,200,000"
30,24,27,0.4,0.24,0.4921,0.78,0.42,70.8,23.7,48.4,61,317.1,11.70263057,50%,100,"$1,200,000"
30,27,24,0.21,0.36,0.4921,0.82,0.42,72.8,33.8,38.6,61,283.8,12.03844714,49%,100,"$1,200,000"
30,27,27,0.21,0.36,0.4921,0.82,0.42,72.4,33.5,38.7,57,283.9,11.97428256,49%,100,"$1,200,000"
30,27,27,0.3,0.24,0.4921,0.75,0.42,70.7,26.5,47.4,63,311.1,11.69761071,50%,100,"$1,200,000"
30,27,27,0.4,0.24,0.4921,0.75,0.42,71.1,24.7,50.5,49,324.1,11.76447626,50%,100,"$1,200,000"
40,24,24,0.21,0.24,0.4921,0.75,0.42,71.2,29.2,43.3,57,296.3,11.77131433,50%,100,"$1,200,000"
40,24,24,0.3,0.24,0.4921,0.78,0.42,70.6,25.5,45.2,57,305.1,11.68473827,50%,100,"$1,200,000"
40,24,24,0.3,0.24,0.4921,0.82,0.42,69.9,23.9,42.6,63,296.4,11.56173201,51%,100,"$1,200,000"
40,24,24,0.4,0.24,0.4921,0.78,0.42,70.9,23.7,48.3,63,316.9,11.73261795,50%,100,"$1,200,000"
40,24,24,0.4,0.24,0.4921,0.82,0.42,70.2,22.1,45.7,50,308.6,11.61281333,51%,100,"$1,200,000"
40,24,27,0.21,0.24,0,0.75,0.42,70.5,28.4,43.4,58,296.6,11.66405277,50%,100,"$1,200,000"
40,24,27,0.3,0.24,0,0.82,0.42,69.1,23,42.7,57,296.7,11.43535283,51%,100,"$1,200,000"
40,24,27,0.3,0.24,0.4921,0.78,0.42,70.3,25.3,45.3,64,305.3,11.6228267,51%,100,"$1,200,000"
40,24,27,0.4,0.24,0,0.82,0.42,69.5,21.1,45.8,63,309.2,11.4961313,51%,100,"$1,200,000"
40,24,27,0.4,0.24,0.4921,0.78,0.42,70.7,23.5,48.4,61,317.2,11.68867774,50%,100,"$1,200,000"
40,27,24,0.21,0.36,0.4921,0.82,0.42,72.7,33.5,38.6,57,283.8,12.02450749,49%,100,"$1,200,000"
40,27,24,0.3,0.24,0.4921,0.75,0.42,71,26.5,47.2,63,310.6,11.74815184,50%,100,"$1,200,000"
40,27,24,0.4,0.24,0.4921,0.75,0.42,71.3,24.6,50.5,61,323.9,11.79655855,50%,100,"$1,200,000"
40,27,27,0.21,0.36,0,0.82,0.42,72.1,32.7,38.7,61,283.9,11.92028946,49%,100,"$1,200,000"
40,27,27,0.21,0.36,0.4921,0.78,0.42,73.1,35,41.3,57,289.8,12.08645858,49%,100,"$1,200,000"
40,27,27,0.3,0.24,0.4921,0.75,0.42,70.6,26.2,47.4,63,311.3,11.68465921,50%,100,"$1,200,000"
40,27,27,0.4,0.24,0.4921,0.75,0.42,71,24.4,50.5,46,324.2,11.74970655,50%,100,"$1,200,000"
30,24,24,0.21,0.24,0.4921,0.75,0.38,70.8,28.6,42,53,291.9,11.71538443,50%,100,"$1,200,000"
30,24,24,0.3,0.24,0.4921,0.82,0.38,69.5,23.4,40.7,59,289.7,11.48921418,51%,100,"$1,200,000"
30,24,24,0.4,0.24,0.4921,0.82,0.38,69.7,21.7,44.2,46,302.8,11.52062452,51%,100,"$1,200,000"
30,24,27,0.21,0.24,0,0.75,0.38,70.2,27.8,42.3,53,292.9,11.60833367,51%,100,"$1,200,000"
30,24,27,0.3,0.24,0,0.82,0.38,68.7,22.5,40.9,53,290,11.36272959,52%,100,"$1,200,000"
30,24,27,0.3,0.24,0.4921,0.78,0.38,69.8,24.8,43.5,59,298.6,11.54646163,51%,100,"$1,200,000"
30,24,27,0.4,0.24,0,0.82,0.38,68.9,20.7,44.4,59,303.3,11.40129422,52%,100,"$1,200,000"
30,24,27,0.4,0.24,0.4921,0.78,0.38,70.1,23,47,55,311.4,11.59399875,51%,100,"$1,200,000"
30,27,24,0.21,0.36,0.4921,0.82,0.38,72.2,32.3,37.7,55,280.7,11.93616591,49%,100,"$1,200,000"
30,27,27,0.21,0.36,0.4921,0.82,0.38,71.7,31.9,37.8,52,280.9,11.86081535,50%,100,"$1,200,000"
30,27,27,0.3,0.24,0.4921,0.75,0.38,70.2,25.7,45.5,58,304.3,11.60903197,51%,100,"$1,200,000"
30,27,27,0.4,0.24,0.4921,0.75,0.38,70.5,23.9,48.9,45,317.5,11.65421069,50%,100,"$1,200,000"
40,24,24,0.21,0.24,0.4921,0.75,0.38,70.8,28.3,42.2,53,292.6,11.70418527,50%,100,"$1,200,000"
40,24,24,0.3,0.24,0.4921,0.78,0.38,70.1,24.8,43.4,53,298.2,11.59218054,51%,100,"$1,200,000"
40,24,24,0.3,0.24,0.4921,0.82,0.38,69.4,23.2,40.8,59,289.7,11.47209923,51%,100,"$1,200,000"
40,24,24,0.4,0.24,0.4921,0.78,0.38,70.3,23,46.9,59,311.4,11.6228794,51%,100,"$1,200,000"
40,24,24,0.4,0.24,0.4921,0.82,0.38,69.5,21.4,44.3,46,302.9,11.50303525,51%,100,"$1,200,000"
40,24,27,0.21,0.24,0,0.75,0.38,70.1,27.5,42.4,53,292.9,11.58996706,51%,100,"$1,200,000"
40,24,27,0.3,0.24,0,0.82,0.38,68.6,22.2,40.9,53,290.1,11.34657646,52%,100,"$1,200,000"
40,24,27,0.3,0.24,0.4921,0.78,0.38,69.7,24.5,43.6,59,298.7,11.53101997,51%,100,"$1,200,000"
40,24,27,0.4,0.24,0,0.82,0.38,68.8,20.4,44.4,59,303.5,11.38742044,52%,100,"$1,200,000"
40,24,27,0.4,0.24,0.4921,0.78,0.38,70,22.7,47,55,311.6,11.57560579,51%,100,"$1,200,000"
40,27,24,0.21,0.36,0.4921,0.82,0.38,72.1,32,37.7,52,280.7,11.92119857,49%,100,"$1,200,000"
40,27,24,0.3,0.24,0.4921,0.75,0.38,70.5,25.7,45.5,58,304.1,11.65407893,50%,100,"$1,200,000"
40,27,24,0.4,0.24,0.4921,0.75,0.38,70.7,23.8,48.9,56,317.3,11.68904665,50%,100,"$1,200,000"
40,27,27,0.21,0.36,0,0.82,0.38,71.4,31.2,37.9,55,281.2,11.80746784,50%,100,"$1,200,000"
40,27,27,0.21,0.36,0.4921,0.78,0.38,72.4,33.4,40.1,52,285.9,11.97059343,49%,100,"$1,200,000"
40,27,27,0.3,0.24,0.4921,0.75,0.38,70.1,25.4,45.6,58,304.4,11.59086299,51%,100,"$1,200,000"
40,27,27,0.4,0.24,0.4921,0.75,0.38,70.4,23.6,49,50,317.6,11.63900618,51%,100,"$1,200,000"
30,24,27,0.21,0.24,0.4921,0.75,0.42,70.9,29.2,43.4,57,296.5,11.71952153,50%,100,"$1,300,000"
30,24,27,0.3,0.24,0.4921,0.82,0.42,69.6,23.9,42.6,64,296.5,11.51538068,51%,100,"$1,300,000"
30,24,27,0.4,0.24,0.4921,0.82,0.42,70,22.1,45.7,57,308.7,11.58307628,51%,100,"$1,300,000"
30,27,24,0.3,0.24,0,0.78,0.42,70.1,24.8,45.2,63,305.1,11.60166688,51%,100,"$1,300,000"
30,27,24,0.4,0.24,0,0.78,0.42,70.4,22.8,48.5,49,317.8,11.64368348,50%,100,"$1,300,000"
40,24,27,0.21,0.24,0.4921,0.75,0.42,70.8,28.9,43.4,57,296.6,11.70255151,50%,100,"$1,300,000"
40,24,27,0.3,0.24,0.4921,0.82,0.42,69.5,23.6,42.6,63,296.7,11.50113799,51%,100,"$1,300,000"
40,24,27,0.4,0.24,0.4921,0.82,0.42,69.9,21.8,45.7,57,308.9,11.56903122,51%,100,"$1,300,000"
40,27,24,0.3,0.24,0,0.78,0.42,70,24.5,45.3,63,305.2,11.58448606,51%,100,"$1,300,000"
40,27,24,0.4,0.24,0,0.78,0.42,70.3,22.5,48.6,61,317.9,11.62800466,51%,100,"$1,300,000"
40,27,27,0.21,0.36,0.4921,0.82,0.42,72.3,33.2,38.7,45,284,11.96093581,49%,100,"$1,300,000"
30,24,27,0.21,0.24,0.4921,0.75,0.38,70.4,28.3,42.3,53,292.9,11.64550169,50%,100,"$1,300,000"
30,24,27,0.3,0.24,0.4921,0.82,0.38,69.1,23.2,40.8,59,290,11.42638033,51%,100,"$1,300,000"
30,24,27,0.4,0.24,0.4921,0.82,0.38,69.4,21.4,44.3,53,303,11.4752877,51%,100,"$1,300,000"
30,27,24,0.3,0.24,0,0.78,0.38,69.6,24,43.5,59,298.3,11.50934631,51%,100,"$1,300,000"
30,27,24,0.4,0.24,0,0.78,0.38,69.7,22,46.9,45,311.3,11.52667206,51%,100,"$1,300,000"
40,24,27,0.21,0.24,0.4921,0.75,0.38,70.3,28,42.3,53,292.9,11.62954619,51%,100,"$1,300,000"
40,24,27,0.3,0.24,0.4921,0.82,0.38,69,22.9,40.9,59,290.1,11.4106488,51%,100,"$1,300,000"
40,24,27,0.4,0.24,0.4921,0.82,0.38,69.3,21.1,44.3,53,303.2,11.45705284,51%,100,"$1,300,000"
40,27,24,0.3,0.24,0,0.78,0.38,69.5,23.7,43.5,58,298.4,11.49177022,51%,100,"$1,300,000"
40,27,24,0.4,0.24,0,0.78,0.38,69.6,21.8,47,55,311.5,11.51186282,51%,100,"$1,300,000"
40,27,27,0.21,0.36,0.4921,0.82,0.38,71.6,31.6,37.9,50,281.3,11.84662536,50%,100,"$1,300,000"
30,24,24,0.21,0.24,0,0.78,0.42,70.4,27.6,41.3,50,290.2,11.64718816,50%,100,"$1,400,000"
30,24,24,0.21,0.24,0,0.82,0.42,69.7,25.9,38.6,50,281.8,11.52545992,51%,100,"$1,400,000"
30,24,27,0.21,0.24,0,0.78,0.42,70,27.2,41.3,50,290.5,11.58364283,51%,100,"$1,400,000"
30,27,24,0.21,0.24,0,0.75,0.42,70.8,28.5,43.3,57,296.3,11.70759772,50%,100,"$1,400,000"
30,27,24,0.3,0.24,0,0.82,0.42,69.4,23.1,42.6,57,296.3,11.47971466,51%,100,"$1,400,000"
30,27,24,0.3,0.24,0.4921,0.78,0.42,70.5,25.4,45.2,63,305.1,11.66626625,50%,100,"$1,400,000"
30,27,24,0.4,0.24,0,0.82,0.42,69.7,21.2,45.9,63,309.4,11.52530181,51%,100,"$1,400,000"
30,27,24,0.4,0.24,0.4921,0.78,0.42,70.8,23.5,48.4,50,317.4,11.71431721,50%,100,"$1,400,000"
30,27,27,0.21,0.24,0,0.75,0.42,70.4,28.2,43.4,57,296.6,11.64178621,51%,100,"$1,400,000"
30,27,27,0.3,0.24,0,0.78,0.42,69.8,24.5,45.4,63,305.6,11.5394918,51%,100,"$1,400,000"
30,27,27,0.4,0.24,0,0.78,0.42,70.1,22.6,48.6,50,318,11.59463118,51%,100,"$1,400,000"
40,24,24,0.21,0.24,0,0.78,0.42,70.3,27.3,41.3,49,290.2,11.63274783,51%,100,"$1,400,000"
40,27,24,0.21,0.24,0,0.75,0.42,70.7,28.2,43.3,57,296.4,11.69265673,50%,100,"$1,400,000"
40,27,24,0.3,0.24,0,0.82,0.42,69.3,22.8,42.6,57,296.5,11.4622308,51%,100,"$1,400,000"
40,27,24,0.3,0.24,0.4921,0.78,0.42,70.4,25.1,45.2,63,305.2,11.64933576,50%,100,"$1,400,000"
40,27,24,0.4,0.24,0,0.82,0.42,69.6,20.9,45.9,63,309.5,11.50884564,51%,100,"$1,400,000"
40,27,24,0.4,0.24,0.4921,0.78,0.42,70.7,23.3,48.5,57,317.6,11.69899413,50%,100,"$1,400,000"
40,27,27,0.3,0.24,0,0.78,0.42,69.7,24.2,45.4,63,305.7,11.52078262,51%,100,"$1,400,000"
40,27,27,0.4,0.24,0,0.78,0.42,70,22.3,48.6,46,318.2,11.57992734,51%,100,"$1,400,000"
30,24,24,0.21,0.24,0,0.78,0.38,70,26.7,40,46,285.6,11.57689698,51%,100,"$1,400,000"
30,24,24,0.21,0.24,0,0.82,0.38,69.3,25,37.3,46,277.5,11.45551131,51%,100,"$1,400,000"
30,24,27,0.21,0.24,0,0.78,0.38,69.6,26.4,40.3,45,286.8,11.50986015,51%,100,"$1,400,000"
30,27,24,0.21,0.24,0,0.75,0.38,70.3,27.6,42.2,53,292.6,11.63214176,51%,100,"$1,400,000"
30,27,24,0.3,0.24,0,0.82,0.38,68.9,22.3,40.8,53,289.7,11.38857988,52%,100,"$1,400,000"
30,27,24,0.3,0.24,0.4921,0.78,0.38,70,24.6,43.4,59,298.3,11.57438047,51%,100,"$1,400,000"
30,27,24,0.4,0.24,0,0.82,0.38,69,20.5,44.3,58,302.9,11.40846168,51%,100,"$1,400,000"
30,27,24,0.4,0.24,0.4921,0.78,0.38,70.2,22.8,46.8,45,311.1,11.60813604,51%,100,"$1,400,000"
30,27,27,0.21,0.24,0,0.75,0.38,69.9,27.3,42.3,53,292.9,11.56745016,51%,100,"$1,400,000"
30,27,27,0.3,0.24,0,0.78,0.38,69.2,23.7,43.6,59,298.7,11.44690772,51%,100,"$1,400,000"
30,27,27,0.4,0.24,0,0.78,0.38,69.4,21.8,47.1,46,312.1,11.48037343,51%,100,"$1,400,000"
40,24,24,0.21,0.24,0,0.78,0.38,69.9,26.4,40.3,45,286.5,11.56192964,51%,100,"$1,400,000"
40,27,24,0.21,0.24,0,0.75,0.38,70.3,27.3,42.3,53,292.6,11.62053416,51%,100,"$1,400,000"
40,27,24,0.3,0.24,0,0.82,0.38,68.7,22.1,40.8,52,289.9,11.3712146,52%,100,"$1,400,000"
40,27,24,0.3,0.24,0.4921,0.78,0.38,69.9,24.3,43.5,58,298.4,11.55521015,51%,100,"$1,400,000"
40,27,24,0.4,0.24,0,0.82,0.38,68.9,20.2,44.3,58,303.1,11.39385007,52%,100,"$1,400,000"
40,27,24,0.4,0.24,0.4921,0.78,0.38,70.1,22.5,46.9,53,311.2,11.59078394,51%,100,"$1,400,000"
40,27,27,0.3,0.24,0,0.78,0.38,69.1,23.4,43.8,58,299.4,11.43095222,51%,100,"$1,400,000"
40,27,27,0.4,0.24,0,0.78,0.38,69.3,21.5,47.2,50,312.2,11.4643784,51%,100,"$1,400,000"
30,24,24,0.21,0.24,0.4921,0.78,0.42,70.6,28.1,41.3,50,290.2,11.68450111,50%,100,"$1,500,000"
30,24,27,0.21,0.24,0,0.82,0.42,69.3,25.6,38.7,50,282.1,11.46049164,51%,100,"$1,500,000"
30,24,27,0.21,0.24,0.4921,0.78,0.42,70.3,27.7,41.4,49,290.6,11.61990174,51%,100,"$1,500,000"
30,27,24,0.21,0.24,0.4921,0.75,0.42,71,29,43.3,57,296.3,11.75051025,50%,100,"$1,500,000"
30,27,24,0.3,0.24,0.4921,0.82,0.42,69.8,23.7,42.5,63,296.3,11.54185021,51%,100,"$1,500,000"
30,27,24,0.4,0.24,0.4921,0.82,0.42,70.1,21.9,45.8,57,309.1,11.59567204,51%,100,"$1,500,000"
30,27,27,0.3,0.24,0,0.82,0.42,69,22.8,42.7,57,296.9,11.4168281,51%,100,"$1,500,000"
30,27,27,0.3,0.24,0.4921,0.78,0.42,70.1,25.1,45.4,63,305.6,11.59941387,51%,100,"$1,500,000"
30,27,27,0.4,0.24,0,0.82,0.42,69.4,21,45.9,63,309.7,11.47735625,51%,100,"$1,500,000"
30,27,27,0.4,0.24,0.4921,0.78,0.42,70.5,23.3,48.5,50,317.7,11.66741251,50%,100,"$1,500,000"
40,24,24,0.21,0.24,0,0.82,0.42,69.6,25.6,38.6,49,281.9,11.51183647,51%,100,"$1,500,000"
40,24,24,0.21,0.24,0.4921,0.78,0.42,70.6,27.8,41.3,50,290.2,11.67077226,50%,100,"$1,500,000"
40,24,27,0.21,0.24,0,0.78,0.42,69.9,26.9,41.4,49,290.6,11.56427487,51%,100,"$1,500,000"
40,27,24,0.21,0.24,0.4921,0.75,0.42,70.9,28.7,43.3,57,296.4,11.73386962,50%,100,"$1,500,000"
40,27,24,0.3,0.24,0.4921,0.82,0.42,69.7,23.5,42.6,63,296.5,11.52729131,51%,100,"$1,500,000"
40,27,24,0.4,0.24,0.4921,0.82,0.42,70,21.7,45.8,49,309.2,11.57996687,51%,100,"$1,500,000"
40,27,27,0.21,0.24,0,0.75,0.42,70.3,27.9,43.4,57,296.7,11.62511923,51%,100,"$1,500,000"
40,27,27,0.3,0.24,0,0.82,0.42,68.9,22.5,42.8,57,297.1,11.398725,52%,100,"$1,500,000"
40,27,27,0.3,0.24,0.4921,0.78,0.42,70,24.8,45.4,63,305.8,11.5856982,51%,100,"$1,500,000"
40,27,27,0.4,0.24,0,0.82,0.42,69.3,20.7,46,63,309.8,11.46236255,51%,100,"$1,500,000"
40,27,27,0.4,0.24,0.4921,0.78,0.42,70.4,23,48.5,46,317.8,11.65233977,50%,100,"$1,500,000"
30,24,24,0.21,0.24,0.4921,0.78,0.38,70.2,27.2,40,46,285.7,11.61644977,51%,100,"$1,500,000"
30,24,27,0.21,0.24,0,0.82,0.38,68.9,24.7,37.6,45,278.6,11.38906737,52%,100,"$1,500,000"
30,24,27,0.21,0.24,0.4921,0.78,0.38,69.8,26.9,40.3,45,286.8,11.54867511,51%,100,"$1,500,000"
30,27,24,0.21,0.24,0.4921,0.75,0.38,70.6,28.1,42.2,53,292.6,11.67587117,50%,100,"$1,500,000"
30,27,24,0.3,0.24,0.4921,0.82,0.38,69.3,23,40.8,58,289.7,11.45420693,51%,100,"$1,500,000"
30,27,24,0.4,0.24,0.4921,0.82,0.38,69.5,21.2,44.2,53,302.6,11.48958309,51%,100,"$1,500,000"
30,27,27,0.3,0.24,0,0.82,0.38,68.5,22.1,40.9,52,290.1,11.32583825,52%,100,"$1,500,000"
30,27,27,0.3,0.24,0.4921,0.78,0.38,69.6,24.3,43.5,59,298.6,11.51034764,51%,100,"$1,500,000"
30,27,27,0.4,0.24,0,0.82,0.38,68.7,20.2,44.5,58,303.7,11.36291405,52%,100,"$1,500,000"
30,27,27,0.4,0.24,0.4921,0.78,0.38,69.9,22.5,46.9,46,311.3,11.55647499,51%,100,"$1,500,000"
40,24,24,0.21,0.24,0,0.82,0.38,69.2,24.8,37.6,45,278.3,11.43929229,51%,100,"$1,500,000"
40,24,24,0.21,0.24,0.4921,0.78,0.38,70.2,26.9,40.2,46,286.5,11.60452596,51%,100,"$1,500,000"
40,24,27,0.21,0.24,0,0.78,0.38,69.5,26.1,40.3,45,286.8,11.4918888,51%,100,"$1,500,000"
40,27,24,0.21,0.24,0.4921,0.75,0.38,70.5,27.8,42.2,52,292.6,11.66137815,50%,100,"$1,500,000"
40,27,24,0.3,0.24,0.4921,0.82,0.38,69.1,22.7,40.8,58,289.8,11.43443054,51%,100,"$1,500,000"
40,27,24,0.4,0.24,0.4921,0.82,0.38,69.4,20.9,44.2,45,302.8,11.47240227,51%,100,"$1,500,000"
40,27,27,0.21,0.24,0,0.75,0.38,69.8,27,42.3,53,292.9,11.55066461,51%,100,"$1,500,000"
40,27,27,0.3,0.24,0,0.82,0.38,68.4,21.8,41.1,52,290.8,11.3092635,52%,100,"$1,500,000"
40,27,27,0.3,0.24,0.4921,0.78,0.38,69.5,24,43.6,58,298.8,11.49256075,51%,100,"$1,500,000"
40,27,27,0.4,0.24,0,0.82,0.38,68.6,20,44.5,58,303.8,11.34664233,52%,100,"$1,500,000"
40,27,27,0.4,0.24,0.4921,0.78,0.38,69.8,22.3,47,50,311.4,11.54119144,51%,100,"$1,500,000"
30,24,24,0.21,0.24,0.4921,0.82,0.42,69.9,26.4,39.1,50,283.1,11.56527621,51%,100,"$1,600,000"
30,24,27,0.21,0.24,0.4921,0.82,0.42,69.5,26,39.2,50,283.4,11.49775189,51%,100,"$1,600,000"
30,27,24,0.21,0.24,0,0.78,0.42,70.2,27.1,41.3,49,290.3,11.60816239,51%,100,"$1,600,000"
30,27,27,0.21,0.24,0.4921,0.75,0.42,70.6,28.7,43.4,57,296.6,11.68220858,50%,100,"$1,600,000"
30,27,27,0.3,0.24,0.4921,0.82,0.42,69.4,23.4,42.7,63,296.9,11.47841029,51%,100,"$1,600,000"
30,27,27,0.4,0.24,0.4921,0.82,0.42,69.8,21.7,45.8,49,309.3,11.54802951,51%,100,"$1,600,000"
40,24,24,0.21,0.24,0.4921,0.82,0.42,69.8,26.1,39.1,50,283.2,11.55087541,51%,100,"$1,600,000"
40,24,27,0.21,0.24,0,0.82,0.42,69.2,25.3,38.7,49,282.2,11.44186151,51%,100,"$1,600,000"
40,24,27,0.21,0.24,0.4921,0.78,0.42,70.2,27.4,41.4,49,290.6,11.60315571,51%,100,"$1,600,000"
40,27,27,0.21,0.24,0.4921,0.75,0.42,70.8,28.4,43.4,57,295,11.70801934,50%,100,"$1,600,000"
40,27,27,0.3,0.24,0.4921,0.82,0.42,69.3,23.2,42.7,63,297.1,11.46447063,51%,100,"$1,600,000"
40,27,27,0.4,0.24,0.4921,0.82,0.42,69.7,21.4,45.9,46,309.4,11.53323345,51%,100,"$1,600,000"
30,24,24,0.21,0.24,0.4921,0.82,0.38,69.5,25.5,37.8,45,278.8,11.49432626,51%,100,"$1,600,000"
30,24,27,0.21,0.24,0.4921,0.82,0.38,69.1,25.2,38.1,45,279.8,11.42760564,51%,100,"$1,600,000"
30,27,24,0.21,0.24,0,0.78,0.38,69.7,26.2,40.2,45,286.4,11.53356284,51%,100,"$1,600,000"
30,27,27,0.21,0.24,0.4921,0.75,0.38,70.2,27.8,42.3,52,292.9,11.60903197,51%,100,"$1,600,000"
30,27,27,0.3,0.24,0.4921,0.82,0.38,68.9,22.7,40.9,58,290.1,11.38958122,52%,100,"$1,600,000"
30,27,27,0.4,0.24,0.4921,0.82,0.38,69.2,21,44.3,45,302.9,11.43851494,51%,100,"$1,600,000"
40,24,24,0.21,0.24,0.4921,0.82,0.38,69.4,25.3,38,46,279.5,11.48270549,51%,100,"$1,600,000"
40,24,27,0.21,0.24,0,0.82,0.38,68.8,24.4,37.7,45,278.6,11.37155716,52%,100,"$1,600,000"
40,24,27,0.21,0.24,0.4921,0.78,0.38,69.7,26.6,40.3,45,286.9,11.53200813,51%,100,"$1,600,000"
40,27,27,0.21,0.24,0.4921,0.75,0.38,70.1,27.5,42.3,52,292.9,11.58991435,51%,100,"$1,600,000"
40,27,27,0.3,0.24,0.4921,0.82,0.38,68.8,22.4,40.9,58,290.2,11.3720183,52%,100,"$1,600,000"
40,27,27,0.4,0.24,0.4921,0.82,0.38,69.1,20.7,44.3,50,303,11.42259896,51%,100,"$1,600,000"
30,27,24,0.21,0.24,0,0.82,0.42,69.5,25.4,38.6,50,281.9,11.48706658,51%,100,"$1,700,000"
30,27,27,0.21,0.24,0,0.78,0.42,69.8,26.8,41.4,49,290.6,11.54415592,51%,100,"$1,700,000"
40,24,27,0.21,0.24,0.4921,0.82,0.42,69.4,25.7,39.2,49,283.5,11.481467,51%,100,"$1,700,000"
40,27,24,0.21,0.24,0,0.78,0.42,70.1,26.8,41.3,45,290.3,11.59214101,51%,100,"$1,700,000"
30,27,24,0.21,0.24,0,0.82,0.38,69,24.6,37.6,45,278.3,11.41404808,51%,100,"$1,700,000"
30,27,27,0.21,0.24,0,0.78,0.38,69.3,25.9,40.3,45,286.8,11.46896347,51%,100,"$1,700,000"
40,24,27,0.21,0.24,0.4921,0.82,0.38,69,24.9,38.1,45,279.9,11.41150521,51%,100,"$1,700,000"
40,27,24,0.21,0.24,0,0.78,0.38,69.7,25.9,40.3,49,286.5,11.52241638,51%,100,"$1,700,000"
30,27,24,0.21,0.24,0.4921,0.78,0.42,70.4,27.6,41.3,50,290.3,11.65052155,50%,100,"$1,800,000"
30,27,27,0.21,0.24,0,0.82,0.42,69,25.1,38.7,49,282.2,11.42049089,51%,100,"$1,800,000"
30,27,27,0.21,0.24,0.4921,0.78,0.42,70,27.3,41.4,49,290.6,11.58283912,51%,100,"$1,800,000"
40,27,24,0.21,0.24,0,0.82,0.42,69.4,25.1,38.6,49,282,11.4718489,51%,100,"$1,800,000"
40,27,24,0.21,0.24,0.4921,0.78,0.42,70.3,27.3,41.3,49,290.4,11.63393363,51%,100,"$1,800,000"
40,27,27,0.21,0.24,0,0.78,0.42,69.7,26.5,41.4,45,290.7,11.52610552,51%,100,"$1,800,000"
30,27,24,0.21,0.24,0.4921,0.78,0.38,70,26.7,40.2,45,286.4,11.57835946,51%,100,"$1,800,000"
30,27,27,0.21,0.24,0,0.82,0.38,68.6,24.2,37.7,45,278.6,11.34994938,52%,100,"$1,800,000"
30,27,27,0.21,0.24,0.4921,0.78,0.38,69.6,26.4,40.3,45,286.8,11.50958347,51%,100,"$1,800,000"
40,27,24,0.21,0.24,0,0.82,0.38,68.9,24.3,37.6,45,278.3,11.4008199,52%,100,"$1,800,000"
40,27,24,0.21,0.24,0.4921,0.78,0.38,69.9,26.4,40.2,45,286.5,11.56314178,51%,100,"$1,800,000"
40,27,27,0.21,0.24,0,0.78,0.38,69.2,25.6,40.3,49,286.8,11.45307384,51%,100,"$1,800,000"
30,27,24,0.21,0.24,0.4921,0.82,0.42,69.7,25.9,39.1,49,283.2,11.53084869,51%,100,"$1,900,000"
30,27,27,0.21,0.24,0.4921,0.82,0.42,69.3,25.6,39.2,49,283.5,11.46109771,51%,100,"$1,900,000"
40,27,24,0.21,0.24,0.4921,0.82,0.42,69.6,25.6,39.1,49,283.3,11.51448474,51%,100,"$1,900,000"
40,27,27,0.21,0.24,0,0.82,0.42,68.9,24.8,38.7,49,282.3,11.40320466,52%,100,"$1,900,000"
40,27,27,0.21,0.24,0.4921,0.78,0.42,70.2,27,41.4,45,290.5,11.60770125,51%,100,"$1,900,000"
30,27,24,0.21,0.24,0.4921,0.82,0.38,69.3,25,38,45,279.5,11.45414106,51%,100,"$1,900,000"
30,27,27,0.21,0.24,0.4921,0.82,0.38,68.9,24.7,38.1,45,279.8,11.39071431,52%,100,"$1,900,000"
40,27,24,0.21,0.24,0.4921,0.82,0.38,69.2,24.8,38,45,279.5,11.44054396,51%,100,"$1,900,000"
40,27,27,0.21,0.24,0,0.82,0.38,68.5,23.9,37.7,45,278.6,11.33470535,52%,100,"$1,900,000"
40,27,27,0.21,0.24,0.4921,0.78,0.38,69.5,26.1,40.3,49,286.8,11.49203373,51%,100,"$1,900,000"
40,27,27,0.21,0.24,0.4921,0.82,0.42,69.4,25.3,39.2,45,285.7,11.48480039,51%,100,"$2,000,000"
40,27,27,0.21,0.24,0.4921,0.82,0.38,68.8,24.4,38.1,58,279.9,11.37278248,52%,12.9,"$2,000,000"